-- MySQL dump 10.13  Distrib 8.0.38, for Win64 (x86_64)
--
-- Host: localhost    Database: gatewebsite
-- ------------------------------------------------------
-- Server version	8.0.39

/*!40101 SET @OLD_CHARACTER_SET_CLIENT=@@CHARACTER_SET_CLIENT */;
/*!40101 SET @OLD_CHARACTER_SET_RESULTS=@@CHARACTER_SET_RESULTS */;
/*!40101 SET @OLD_COLLATION_CONNECTION=@@COLLATION_CONNECTION */;
/*!50503 SET NAMES utf8 */;
/*!40103 SET @OLD_TIME_ZONE=@@TIME_ZONE */;
/*!40103 SET TIME_ZONE='+00:00' */;
/*!40014 SET @OLD_UNIQUE_CHECKS=@@UNIQUE_CHECKS, UNIQUE_CHECKS=0 */;
/*!40014 SET @OLD_FOREIGN_KEY_CHECKS=@@FOREIGN_KEY_CHECKS, FOREIGN_KEY_CHECKS=0 */;
/*!40101 SET @OLD_SQL_MODE=@@SQL_MODE, SQL_MODE='NO_AUTO_VALUE_ON_ZERO' */;
/*!40111 SET @OLD_SQL_NOTES=@@SQL_NOTES, SQL_NOTES=0 */;

--
-- Table structure for table `commentlikes`
--

DROP TABLE IF EXISTS `commentlikes`;
/*!40101 SET @saved_cs_client     = @@character_set_client */;
/*!50503 SET character_set_client = utf8mb4 */;
CREATE TABLE `commentlikes` (
  `id` int NOT NULL AUTO_INCREMENT,
  `comment_id` int NOT NULL,
  `user_id` varchar(255) NOT NULL,
  PRIMARY KEY (`id`),
  KEY `comment_id` (`comment_id`),
  KEY `user_id` (`user_id`),
  CONSTRAINT `commentlikes_ibfk_1` FOREIGN KEY (`comment_id`) REFERENCES `comments` (`id`),
  CONSTRAINT `commentlikes_ibfk_10` FOREIGN KEY (`user_id`) REFERENCES `users` (`email`),
  CONSTRAINT `commentlikes_ibfk_11` FOREIGN KEY (`comment_id`) REFERENCES `comments` (`id`),
  CONSTRAINT `commentlikes_ibfk_12` FOREIGN KEY (`user_id`) REFERENCES `users` (`email`),
  CONSTRAINT `commentlikes_ibfk_13` FOREIGN KEY (`comment_id`) REFERENCES `comments` (`id`),
  CONSTRAINT `commentlikes_ibfk_14` FOREIGN KEY (`user_id`) REFERENCES `users` (`email`),
  CONSTRAINT `commentlikes_ibfk_15` FOREIGN KEY (`comment_id`) REFERENCES `comments` (`id`),
  CONSTRAINT `commentlikes_ibfk_16` FOREIGN KEY (`user_id`) REFERENCES `users` (`email`),
  CONSTRAINT `commentlikes_ibfk_17` FOREIGN KEY (`comment_id`) REFERENCES `comments` (`id`),
  CONSTRAINT `commentlikes_ibfk_18` FOREIGN KEY (`user_id`) REFERENCES `users` (`email`),
  CONSTRAINT `commentlikes_ibfk_19` FOREIGN KEY (`comment_id`) REFERENCES `comments` (`id`),
  CONSTRAINT `commentlikes_ibfk_2` FOREIGN KEY (`user_id`) REFERENCES `users` (`email`),
  CONSTRAINT `commentlikes_ibfk_20` FOREIGN KEY (`user_id`) REFERENCES `users` (`email`),
  CONSTRAINT `commentlikes_ibfk_21` FOREIGN KEY (`comment_id`) REFERENCES `comments` (`id`),
  CONSTRAINT `commentlikes_ibfk_22` FOREIGN KEY (`user_id`) REFERENCES `users` (`email`),
  CONSTRAINT `commentlikes_ibfk_23` FOREIGN KEY (`comment_id`) REFERENCES `comments` (`id`),
  CONSTRAINT `commentlikes_ibfk_24` FOREIGN KEY (`user_id`) REFERENCES `users` (`email`),
  CONSTRAINT `commentlikes_ibfk_25` FOREIGN KEY (`comment_id`) REFERENCES `comments` (`id`),
  CONSTRAINT `commentlikes_ibfk_26` FOREIGN KEY (`user_id`) REFERENCES `users` (`email`),
  CONSTRAINT `commentlikes_ibfk_27` FOREIGN KEY (`comment_id`) REFERENCES `comments` (`id`),
  CONSTRAINT `commentlikes_ibfk_28` FOREIGN KEY (`user_id`) REFERENCES `users` (`email`),
  CONSTRAINT `commentlikes_ibfk_29` FOREIGN KEY (`comment_id`) REFERENCES `comments` (`id`),
  CONSTRAINT `commentlikes_ibfk_3` FOREIGN KEY (`comment_id`) REFERENCES `comments` (`id`),
  CONSTRAINT `commentlikes_ibfk_30` FOREIGN KEY (`user_id`) REFERENCES `users` (`email`),
  CONSTRAINT `commentlikes_ibfk_31` FOREIGN KEY (`comment_id`) REFERENCES `comments` (`id`),
  CONSTRAINT `commentlikes_ibfk_32` FOREIGN KEY (`user_id`) REFERENCES `users` (`email`),
  CONSTRAINT `commentlikes_ibfk_33` FOREIGN KEY (`comment_id`) REFERENCES `comments` (`id`),
  CONSTRAINT `commentlikes_ibfk_34` FOREIGN KEY (`user_id`) REFERENCES `users` (`email`),
  CONSTRAINT `commentlikes_ibfk_35` FOREIGN KEY (`comment_id`) REFERENCES `comments` (`id`),
  CONSTRAINT `commentlikes_ibfk_36` FOREIGN KEY (`user_id`) REFERENCES `users` (`email`),
  CONSTRAINT `commentlikes_ibfk_37` FOREIGN KEY (`comment_id`) REFERENCES `comments` (`id`),
  CONSTRAINT `commentlikes_ibfk_38` FOREIGN KEY (`user_id`) REFERENCES `users` (`email`),
  CONSTRAINT `commentlikes_ibfk_39` FOREIGN KEY (`comment_id`) REFERENCES `comments` (`id`),
  CONSTRAINT `commentlikes_ibfk_4` FOREIGN KEY (`user_id`) REFERENCES `users` (`email`),
  CONSTRAINT `commentlikes_ibfk_40` FOREIGN KEY (`user_id`) REFERENCES `users` (`email`),
  CONSTRAINT `commentlikes_ibfk_41` FOREIGN KEY (`comment_id`) REFERENCES `comments` (`id`),
  CONSTRAINT `commentlikes_ibfk_42` FOREIGN KEY (`user_id`) REFERENCES `users` (`email`),
  CONSTRAINT `commentlikes_ibfk_43` FOREIGN KEY (`comment_id`) REFERENCES `comments` (`id`),
  CONSTRAINT `commentlikes_ibfk_44` FOREIGN KEY (`user_id`) REFERENCES `users` (`email`),
  CONSTRAINT `commentlikes_ibfk_45` FOREIGN KEY (`comment_id`) REFERENCES `comments` (`id`),
  CONSTRAINT `commentlikes_ibfk_46` FOREIGN KEY (`user_id`) REFERENCES `users` (`email`),
  CONSTRAINT `commentlikes_ibfk_47` FOREIGN KEY (`comment_id`) REFERENCES `comments` (`id`),
  CONSTRAINT `commentlikes_ibfk_48` FOREIGN KEY (`user_id`) REFERENCES `users` (`email`),
  CONSTRAINT `commentlikes_ibfk_49` FOREIGN KEY (`comment_id`) REFERENCES `comments` (`id`),
  CONSTRAINT `commentlikes_ibfk_5` FOREIGN KEY (`comment_id`) REFERENCES `comments` (`id`),
  CONSTRAINT `commentlikes_ibfk_50` FOREIGN KEY (`user_id`) REFERENCES `users` (`email`),
  CONSTRAINT `commentlikes_ibfk_51` FOREIGN KEY (`comment_id`) REFERENCES `comments` (`id`),
  CONSTRAINT `commentlikes_ibfk_52` FOREIGN KEY (`user_id`) REFERENCES `users` (`email`),
  CONSTRAINT `commentlikes_ibfk_53` FOREIGN KEY (`comment_id`) REFERENCES `comments` (`id`),
  CONSTRAINT `commentlikes_ibfk_54` FOREIGN KEY (`user_id`) REFERENCES `users` (`email`),
  CONSTRAINT `commentlikes_ibfk_55` FOREIGN KEY (`comment_id`) REFERENCES `comments` (`id`),
  CONSTRAINT `commentlikes_ibfk_56` FOREIGN KEY (`user_id`) REFERENCES `users` (`email`),
  CONSTRAINT `commentlikes_ibfk_57` FOREIGN KEY (`comment_id`) REFERENCES `comments` (`id`),
  CONSTRAINT `commentlikes_ibfk_58` FOREIGN KEY (`user_id`) REFERENCES `users` (`email`),
  CONSTRAINT `commentlikes_ibfk_59` FOREIGN KEY (`comment_id`) REFERENCES `comments` (`id`),
  CONSTRAINT `commentlikes_ibfk_6` FOREIGN KEY (`user_id`) REFERENCES `users` (`email`),
  CONSTRAINT `commentlikes_ibfk_60` FOREIGN KEY (`user_id`) REFERENCES `users` (`email`),
  CONSTRAINT `commentlikes_ibfk_61` FOREIGN KEY (`comment_id`) REFERENCES `comments` (`id`),
  CONSTRAINT `commentlikes_ibfk_62` FOREIGN KEY (`user_id`) REFERENCES `users` (`email`),
  CONSTRAINT `commentlikes_ibfk_63` FOREIGN KEY (`comment_id`) REFERENCES `comments` (`id`),
  CONSTRAINT `commentlikes_ibfk_64` FOREIGN KEY (`user_id`) REFERENCES `users` (`email`),
  CONSTRAINT `commentlikes_ibfk_65` FOREIGN KEY (`comment_id`) REFERENCES `comments` (`id`) ON DELETE CASCADE ON UPDATE CASCADE,
  CONSTRAINT `commentlikes_ibfk_66` FOREIGN KEY (`user_id`) REFERENCES `users` (`email`) ON DELETE CASCADE ON UPDATE CASCADE,
  CONSTRAINT `commentlikes_ibfk_67` FOREIGN KEY (`comment_id`) REFERENCES `comments` (`id`) ON DELETE CASCADE ON UPDATE CASCADE,
  CONSTRAINT `commentlikes_ibfk_68` FOREIGN KEY (`user_id`) REFERENCES `users` (`email`) ON DELETE CASCADE ON UPDATE CASCADE,
  CONSTRAINT `commentlikes_ibfk_69` FOREIGN KEY (`comment_id`) REFERENCES `comments` (`id`) ON DELETE CASCADE ON UPDATE CASCADE,
  CONSTRAINT `commentlikes_ibfk_7` FOREIGN KEY (`comment_id`) REFERENCES `comments` (`id`),
  CONSTRAINT `commentlikes_ibfk_70` FOREIGN KEY (`user_id`) REFERENCES `users` (`email`) ON DELETE CASCADE ON UPDATE CASCADE,
  CONSTRAINT `commentlikes_ibfk_71` FOREIGN KEY (`comment_id`) REFERENCES `comments` (`id`),
  CONSTRAINT `commentlikes_ibfk_72` FOREIGN KEY (`user_id`) REFERENCES `users` (`email`),
  CONSTRAINT `commentlikes_ibfk_73` FOREIGN KEY (`comment_id`) REFERENCES `comments` (`id`) ON DELETE CASCADE ON UPDATE CASCADE,
  CONSTRAINT `commentlikes_ibfk_74` FOREIGN KEY (`user_id`) REFERENCES `users` (`email`) ON DELETE CASCADE ON UPDATE CASCADE,
  CONSTRAINT `commentlikes_ibfk_75` FOREIGN KEY (`comment_id`) REFERENCES `comments` (`id`) ON DELETE CASCADE ON UPDATE CASCADE,
  CONSTRAINT `commentlikes_ibfk_76` FOREIGN KEY (`user_id`) REFERENCES `users` (`email`) ON DELETE CASCADE ON UPDATE CASCADE,
  CONSTRAINT `commentlikes_ibfk_77` FOREIGN KEY (`comment_id`) REFERENCES `comments` (`id`) ON DELETE CASCADE ON UPDATE CASCADE,
  CONSTRAINT `commentlikes_ibfk_78` FOREIGN KEY (`user_id`) REFERENCES `users` (`email`) ON DELETE CASCADE ON UPDATE CASCADE,
  CONSTRAINT `commentlikes_ibfk_79` FOREIGN KEY (`comment_id`) REFERENCES `comments` (`id`) ON DELETE CASCADE ON UPDATE CASCADE,
  CONSTRAINT `commentlikes_ibfk_8` FOREIGN KEY (`user_id`) REFERENCES `users` (`email`),
  CONSTRAINT `commentlikes_ibfk_80` FOREIGN KEY (`user_id`) REFERENCES `users` (`email`) ON DELETE CASCADE ON UPDATE CASCADE,
  CONSTRAINT `commentlikes_ibfk_81` FOREIGN KEY (`comment_id`) REFERENCES `comments` (`id`) ON DELETE CASCADE ON UPDATE CASCADE,
  CONSTRAINT `commentlikes_ibfk_82` FOREIGN KEY (`user_id`) REFERENCES `users` (`email`) ON DELETE CASCADE ON UPDATE CASCADE,
  CONSTRAINT `commentlikes_ibfk_83` FOREIGN KEY (`comment_id`) REFERENCES `comments` (`id`) ON DELETE CASCADE ON UPDATE CASCADE,
  CONSTRAINT `commentlikes_ibfk_84` FOREIGN KEY (`user_id`) REFERENCES `users` (`email`) ON DELETE CASCADE ON UPDATE CASCADE,
  CONSTRAINT `commentlikes_ibfk_85` FOREIGN KEY (`comment_id`) REFERENCES `comments` (`id`) ON DELETE CASCADE ON UPDATE CASCADE,
  CONSTRAINT `commentlikes_ibfk_86` FOREIGN KEY (`user_id`) REFERENCES `users` (`email`) ON DELETE CASCADE ON UPDATE CASCADE,
  CONSTRAINT `commentlikes_ibfk_87` FOREIGN KEY (`comment_id`) REFERENCES `comments` (`id`) ON DELETE CASCADE ON UPDATE CASCADE,
  CONSTRAINT `commentlikes_ibfk_88` FOREIGN KEY (`user_id`) REFERENCES `users` (`email`) ON DELETE CASCADE ON UPDATE CASCADE,
  CONSTRAINT `commentlikes_ibfk_89` FOREIGN KEY (`comment_id`) REFERENCES `comments` (`id`) ON DELETE CASCADE ON UPDATE CASCADE,
  CONSTRAINT `commentlikes_ibfk_9` FOREIGN KEY (`comment_id`) REFERENCES `comments` (`id`),
  CONSTRAINT `commentlikes_ibfk_90` FOREIGN KEY (`user_id`) REFERENCES `users` (`email`) ON DELETE CASCADE ON UPDATE CASCADE,
  CONSTRAINT `commentlikes_ibfk_91` FOREIGN KEY (`comment_id`) REFERENCES `comments` (`id`) ON DELETE CASCADE ON UPDATE CASCADE,
  CONSTRAINT `commentlikes_ibfk_92` FOREIGN KEY (`user_id`) REFERENCES `users` (`email`) ON DELETE CASCADE ON UPDATE CASCADE,
  CONSTRAINT `commentlikes_ibfk_93` FOREIGN KEY (`comment_id`) REFERENCES `comments` (`id`) ON DELETE CASCADE ON UPDATE CASCADE,
  CONSTRAINT `commentlikes_ibfk_94` FOREIGN KEY (`user_id`) REFERENCES `users` (`email`) ON DELETE CASCADE ON UPDATE CASCADE,
  CONSTRAINT `commentlikes_ibfk_95` FOREIGN KEY (`comment_id`) REFERENCES `comments` (`id`) ON DELETE CASCADE ON UPDATE CASCADE,
  CONSTRAINT `commentlikes_ibfk_96` FOREIGN KEY (`user_id`) REFERENCES `users` (`email`) ON DELETE CASCADE ON UPDATE CASCADE,
  CONSTRAINT `commentlikes_ibfk_97` FOREIGN KEY (`comment_id`) REFERENCES `comments` (`id`) ON DELETE CASCADE ON UPDATE CASCADE,
  CONSTRAINT `commentlikes_ibfk_98` FOREIGN KEY (`user_id`) REFERENCES `users` (`email`) ON DELETE CASCADE ON UPDATE CASCADE
) ENGINE=InnoDB DEFAULT CHARSET=utf8mb4 COLLATE=utf8mb4_0900_ai_ci;
/*!40101 SET character_set_client = @saved_cs_client */;

--
-- Dumping data for table `commentlikes`
--

LOCK TABLES `commentlikes` WRITE;
/*!40000 ALTER TABLE `commentlikes` DISABLE KEYS */;
/*!40000 ALTER TABLE `commentlikes` ENABLE KEYS */;
UNLOCK TABLES;

--
-- Table structure for table `comments`
--

DROP TABLE IF EXISTS `comments`;
/*!40101 SET @saved_cs_client     = @@character_set_client */;
/*!50503 SET character_set_client = utf8mb4 */;
CREATE TABLE `comments` (
  `id` int NOT NULL AUTO_INCREMENT,
  `question_id` int NOT NULL,
  `user_id` varchar(255) NOT NULL,
  `content` text NOT NULL,
  `createdAt` datetime DEFAULT NULL,
  PRIMARY KEY (`id`),
  KEY `question_id` (`question_id`),
  KEY `user_id` (`user_id`),
  CONSTRAINT `comments_ibfk_1` FOREIGN KEY (`question_id`) REFERENCES `questions` (`id`),
  CONSTRAINT `comments_ibfk_10` FOREIGN KEY (`user_id`) REFERENCES `users` (`email`),
  CONSTRAINT `comments_ibfk_11` FOREIGN KEY (`question_id`) REFERENCES `questions` (`id`),
  CONSTRAINT `comments_ibfk_12` FOREIGN KEY (`user_id`) REFERENCES `users` (`email`),
  CONSTRAINT `comments_ibfk_13` FOREIGN KEY (`question_id`) REFERENCES `questions` (`id`),
  CONSTRAINT `comments_ibfk_14` FOREIGN KEY (`user_id`) REFERENCES `users` (`email`),
  CONSTRAINT `comments_ibfk_15` FOREIGN KEY (`question_id`) REFERENCES `questions` (`id`),
  CONSTRAINT `comments_ibfk_16` FOREIGN KEY (`user_id`) REFERENCES `users` (`email`),
  CONSTRAINT `comments_ibfk_17` FOREIGN KEY (`question_id`) REFERENCES `questions` (`id`),
  CONSTRAINT `comments_ibfk_18` FOREIGN KEY (`user_id`) REFERENCES `users` (`email`),
  CONSTRAINT `comments_ibfk_19` FOREIGN KEY (`question_id`) REFERENCES `questions` (`id`),
  CONSTRAINT `comments_ibfk_2` FOREIGN KEY (`user_id`) REFERENCES `users` (`email`),
  CONSTRAINT `comments_ibfk_20` FOREIGN KEY (`user_id`) REFERENCES `users` (`email`),
  CONSTRAINT `comments_ibfk_21` FOREIGN KEY (`question_id`) REFERENCES `questions` (`id`),
  CONSTRAINT `comments_ibfk_22` FOREIGN KEY (`user_id`) REFERENCES `users` (`email`),
  CONSTRAINT `comments_ibfk_23` FOREIGN KEY (`question_id`) REFERENCES `questions` (`id`),
  CONSTRAINT `comments_ibfk_24` FOREIGN KEY (`user_id`) REFERENCES `users` (`email`),
  CONSTRAINT `comments_ibfk_25` FOREIGN KEY (`question_id`) REFERENCES `questions` (`id`),
  CONSTRAINT `comments_ibfk_26` FOREIGN KEY (`user_id`) REFERENCES `users` (`email`),
  CONSTRAINT `comments_ibfk_27` FOREIGN KEY (`question_id`) REFERENCES `questions` (`id`),
  CONSTRAINT `comments_ibfk_28` FOREIGN KEY (`user_id`) REFERENCES `users` (`email`),
  CONSTRAINT `comments_ibfk_29` FOREIGN KEY (`question_id`) REFERENCES `questions` (`id`),
  CONSTRAINT `comments_ibfk_3` FOREIGN KEY (`question_id`) REFERENCES `questions` (`id`),
  CONSTRAINT `comments_ibfk_30` FOREIGN KEY (`user_id`) REFERENCES `users` (`email`),
  CONSTRAINT `comments_ibfk_31` FOREIGN KEY (`question_id`) REFERENCES `questions` (`id`),
  CONSTRAINT `comments_ibfk_32` FOREIGN KEY (`user_id`) REFERENCES `users` (`email`),
  CONSTRAINT `comments_ibfk_33` FOREIGN KEY (`question_id`) REFERENCES `questions` (`id`) ON DELETE CASCADE ON UPDATE CASCADE,
  CONSTRAINT `comments_ibfk_34` FOREIGN KEY (`user_id`) REFERENCES `users` (`email`),
  CONSTRAINT `comments_ibfk_35` FOREIGN KEY (`question_id`) REFERENCES `questions` (`id`) ON DELETE CASCADE ON UPDATE CASCADE,
  CONSTRAINT `comments_ibfk_36` FOREIGN KEY (`user_id`) REFERENCES `users` (`email`),
  CONSTRAINT `comments_ibfk_37` FOREIGN KEY (`question_id`) REFERENCES `questions` (`id`) ON DELETE CASCADE ON UPDATE CASCADE,
  CONSTRAINT `comments_ibfk_38` FOREIGN KEY (`user_id`) REFERENCES `users` (`email`),
  CONSTRAINT `comments_ibfk_39` FOREIGN KEY (`question_id`) REFERENCES `questions` (`id`) ON DELETE CASCADE ON UPDATE CASCADE,
  CONSTRAINT `comments_ibfk_4` FOREIGN KEY (`user_id`) REFERENCES `users` (`email`),
  CONSTRAINT `comments_ibfk_40` FOREIGN KEY (`user_id`) REFERENCES `users` (`email`),
  CONSTRAINT `comments_ibfk_41` FOREIGN KEY (`question_id`) REFERENCES `questions` (`id`) ON DELETE CASCADE ON UPDATE CASCADE,
  CONSTRAINT `comments_ibfk_42` FOREIGN KEY (`user_id`) REFERENCES `users` (`email`),
  CONSTRAINT `comments_ibfk_43` FOREIGN KEY (`question_id`) REFERENCES `questions` (`id`) ON DELETE CASCADE ON UPDATE CASCADE,
  CONSTRAINT `comments_ibfk_44` FOREIGN KEY (`user_id`) REFERENCES `users` (`email`),
  CONSTRAINT `comments_ibfk_45` FOREIGN KEY (`question_id`) REFERENCES `questions` (`id`) ON DELETE CASCADE ON UPDATE CASCADE,
  CONSTRAINT `comments_ibfk_46` FOREIGN KEY (`user_id`) REFERENCES `users` (`email`),
  CONSTRAINT `comments_ibfk_47` FOREIGN KEY (`question_id`) REFERENCES `questions` (`id`) ON DELETE CASCADE ON UPDATE CASCADE,
  CONSTRAINT `comments_ibfk_48` FOREIGN KEY (`user_id`) REFERENCES `users` (`email`),
  CONSTRAINT `comments_ibfk_49` FOREIGN KEY (`question_id`) REFERENCES `questions` (`id`) ON DELETE CASCADE ON UPDATE CASCADE,
  CONSTRAINT `comments_ibfk_5` FOREIGN KEY (`question_id`) REFERENCES `questions` (`id`),
  CONSTRAINT `comments_ibfk_50` FOREIGN KEY (`user_id`) REFERENCES `users` (`email`),
  CONSTRAINT `comments_ibfk_51` FOREIGN KEY (`question_id`) REFERENCES `questions` (`id`) ON DELETE CASCADE ON UPDATE CASCADE,
  CONSTRAINT `comments_ibfk_52` FOREIGN KEY (`user_id`) REFERENCES `users` (`email`),
  CONSTRAINT `comments_ibfk_53` FOREIGN KEY (`question_id`) REFERENCES `questions` (`id`) ON DELETE CASCADE ON UPDATE CASCADE,
  CONSTRAINT `comments_ibfk_54` FOREIGN KEY (`user_id`) REFERENCES `users` (`email`),
  CONSTRAINT `comments_ibfk_55` FOREIGN KEY (`question_id`) REFERENCES `questions` (`id`) ON DELETE CASCADE ON UPDATE CASCADE,
  CONSTRAINT `comments_ibfk_56` FOREIGN KEY (`user_id`) REFERENCES `users` (`email`),
  CONSTRAINT `comments_ibfk_57` FOREIGN KEY (`question_id`) REFERENCES `questions` (`id`) ON DELETE CASCADE ON UPDATE CASCADE,
  CONSTRAINT `comments_ibfk_58` FOREIGN KEY (`user_id`) REFERENCES `users` (`email`),
  CONSTRAINT `comments_ibfk_59` FOREIGN KEY (`question_id`) REFERENCES `questions` (`id`) ON DELETE CASCADE ON UPDATE CASCADE,
  CONSTRAINT `comments_ibfk_6` FOREIGN KEY (`user_id`) REFERENCES `users` (`email`),
  CONSTRAINT `comments_ibfk_60` FOREIGN KEY (`user_id`) REFERENCES `users` (`email`),
  CONSTRAINT `comments_ibfk_61` FOREIGN KEY (`question_id`) REFERENCES `questions` (`id`) ON DELETE CASCADE ON UPDATE CASCADE,
  CONSTRAINT `comments_ibfk_62` FOREIGN KEY (`user_id`) REFERENCES `users` (`email`),
  CONSTRAINT `comments_ibfk_63` FOREIGN KEY (`question_id`) REFERENCES `questions` (`id`) ON DELETE CASCADE ON UPDATE CASCADE,
  CONSTRAINT `comments_ibfk_64` FOREIGN KEY (`user_id`) REFERENCES `users` (`email`),
  CONSTRAINT `comments_ibfk_65` FOREIGN KEY (`question_id`) REFERENCES `questions` (`id`) ON UPDATE CASCADE,
  CONSTRAINT `comments_ibfk_66` FOREIGN KEY (`user_id`) REFERENCES `users` (`email`) ON UPDATE CASCADE,
  CONSTRAINT `comments_ibfk_67` FOREIGN KEY (`question_id`) REFERENCES `questions` (`id`) ON UPDATE CASCADE,
  CONSTRAINT `comments_ibfk_68` FOREIGN KEY (`user_id`) REFERENCES `users` (`email`) ON UPDATE CASCADE,
  CONSTRAINT `comments_ibfk_69` FOREIGN KEY (`question_id`) REFERENCES `questions` (`id`) ON UPDATE CASCADE,
  CONSTRAINT `comments_ibfk_7` FOREIGN KEY (`question_id`) REFERENCES `questions` (`id`),
  CONSTRAINT `comments_ibfk_70` FOREIGN KEY (`user_id`) REFERENCES `users` (`email`) ON UPDATE CASCADE,
  CONSTRAINT `comments_ibfk_71` FOREIGN KEY (`question_id`) REFERENCES `questions` (`id`) ON DELETE CASCADE ON UPDATE CASCADE,
  CONSTRAINT `comments_ibfk_72` FOREIGN KEY (`user_id`) REFERENCES `users` (`email`),
  CONSTRAINT `comments_ibfk_73` FOREIGN KEY (`question_id`) REFERENCES `questions` (`id`) ON UPDATE CASCADE,
  CONSTRAINT `comments_ibfk_74` FOREIGN KEY (`user_id`) REFERENCES `users` (`email`) ON UPDATE CASCADE,
  CONSTRAINT `comments_ibfk_75` FOREIGN KEY (`question_id`) REFERENCES `questions` (`id`) ON UPDATE CASCADE,
  CONSTRAINT `comments_ibfk_76` FOREIGN KEY (`user_id`) REFERENCES `users` (`email`) ON UPDATE CASCADE,
  CONSTRAINT `comments_ibfk_77` FOREIGN KEY (`question_id`) REFERENCES `questions` (`id`) ON UPDATE CASCADE,
  CONSTRAINT `comments_ibfk_78` FOREIGN KEY (`user_id`) REFERENCES `users` (`email`) ON UPDATE CASCADE,
  CONSTRAINT `comments_ibfk_79` FOREIGN KEY (`question_id`) REFERENCES `questions` (`id`) ON UPDATE CASCADE,
  CONSTRAINT `comments_ibfk_8` FOREIGN KEY (`user_id`) REFERENCES `users` (`email`),
  CONSTRAINT `comments_ibfk_80` FOREIGN KEY (`user_id`) REFERENCES `users` (`email`) ON UPDATE CASCADE,
  CONSTRAINT `comments_ibfk_81` FOREIGN KEY (`question_id`) REFERENCES `questions` (`id`) ON UPDATE CASCADE,
  CONSTRAINT `comments_ibfk_82` FOREIGN KEY (`user_id`) REFERENCES `users` (`email`) ON UPDATE CASCADE,
  CONSTRAINT `comments_ibfk_83` FOREIGN KEY (`question_id`) REFERENCES `questions` (`id`) ON UPDATE CASCADE,
  CONSTRAINT `comments_ibfk_84` FOREIGN KEY (`user_id`) REFERENCES `users` (`email`) ON UPDATE CASCADE,
  CONSTRAINT `comments_ibfk_85` FOREIGN KEY (`question_id`) REFERENCES `questions` (`id`) ON UPDATE CASCADE,
  CONSTRAINT `comments_ibfk_86` FOREIGN KEY (`user_id`) REFERENCES `users` (`email`) ON UPDATE CASCADE,
  CONSTRAINT `comments_ibfk_87` FOREIGN KEY (`question_id`) REFERENCES `questions` (`id`) ON UPDATE CASCADE,
  CONSTRAINT `comments_ibfk_88` FOREIGN KEY (`user_id`) REFERENCES `users` (`email`) ON UPDATE CASCADE,
  CONSTRAINT `comments_ibfk_89` FOREIGN KEY (`question_id`) REFERENCES `questions` (`id`) ON UPDATE CASCADE,
  CONSTRAINT `comments_ibfk_9` FOREIGN KEY (`question_id`) REFERENCES `questions` (`id`),
  CONSTRAINT `comments_ibfk_90` FOREIGN KEY (`user_id`) REFERENCES `users` (`email`) ON UPDATE CASCADE,
  CONSTRAINT `comments_ibfk_91` FOREIGN KEY (`question_id`) REFERENCES `questions` (`id`) ON UPDATE CASCADE,
  CONSTRAINT `comments_ibfk_92` FOREIGN KEY (`user_id`) REFERENCES `users` (`email`) ON UPDATE CASCADE,
  CONSTRAINT `comments_ibfk_93` FOREIGN KEY (`question_id`) REFERENCES `questions` (`id`) ON UPDATE CASCADE,
  CONSTRAINT `comments_ibfk_94` FOREIGN KEY (`user_id`) REFERENCES `users` (`email`) ON UPDATE CASCADE,
  CONSTRAINT `comments_ibfk_95` FOREIGN KEY (`question_id`) REFERENCES `questions` (`id`) ON UPDATE CASCADE,
  CONSTRAINT `comments_ibfk_96` FOREIGN KEY (`user_id`) REFERENCES `users` (`email`) ON UPDATE CASCADE,
  CONSTRAINT `comments_ibfk_97` FOREIGN KEY (`question_id`) REFERENCES `questions` (`id`) ON UPDATE CASCADE,
  CONSTRAINT `comments_ibfk_98` FOREIGN KEY (`user_id`) REFERENCES `users` (`email`) ON UPDATE CASCADE
) ENGINE=InnoDB DEFAULT CHARSET=utf8mb4 COLLATE=utf8mb4_0900_ai_ci;
/*!40101 SET character_set_client = @saved_cs_client */;

--
-- Dumping data for table `comments`
--

LOCK TABLES `comments` WRITE;
/*!40000 ALTER TABLE `comments` DISABLE KEYS */;
/*!40000 ALTER TABLE `comments` ENABLE KEYS */;
UNLOCK TABLES;

--
-- Table structure for table `options`
--

DROP TABLE IF EXISTS `options`;
/*!40101 SET @saved_cs_client     = @@character_set_client */;
/*!50503 SET character_set_client = utf8mb4 */;
CREATE TABLE `options` (
  `id` int NOT NULL AUTO_INCREMENT,
  `question_id` int NOT NULL,
  `option_text` varchar(255) DEFAULT NULL,
  `is_correct` tinyint(1) NOT NULL,
  `created_at` datetime DEFAULT NULL,
  PRIMARY KEY (`id`),
  KEY `question_id` (`question_id`),
  CONSTRAINT `options_ibfk_1` FOREIGN KEY (`question_id`) REFERENCES `questions` (`id`),
  CONSTRAINT `options_ibfk_10` FOREIGN KEY (`question_id`) REFERENCES `questions` (`id`) ON DELETE CASCADE ON UPDATE CASCADE,
  CONSTRAINT `options_ibfk_11` FOREIGN KEY (`question_id`) REFERENCES `questions` (`id`) ON DELETE CASCADE ON UPDATE CASCADE,
  CONSTRAINT `options_ibfk_12` FOREIGN KEY (`question_id`) REFERENCES `questions` (`id`) ON DELETE CASCADE ON UPDATE CASCADE,
  CONSTRAINT `options_ibfk_13` FOREIGN KEY (`question_id`) REFERENCES `questions` (`id`) ON DELETE CASCADE ON UPDATE CASCADE,
  CONSTRAINT `options_ibfk_14` FOREIGN KEY (`question_id`) REFERENCES `questions` (`id`) ON DELETE CASCADE ON UPDATE CASCADE,
  CONSTRAINT `options_ibfk_15` FOREIGN KEY (`question_id`) REFERENCES `questions` (`id`) ON DELETE CASCADE ON UPDATE CASCADE,
  CONSTRAINT `options_ibfk_16` FOREIGN KEY (`question_id`) REFERENCES `questions` (`id`) ON DELETE CASCADE ON UPDATE CASCADE,
  CONSTRAINT `options_ibfk_17` FOREIGN KEY (`question_id`) REFERENCES `questions` (`id`) ON DELETE CASCADE ON UPDATE CASCADE,
  CONSTRAINT `options_ibfk_18` FOREIGN KEY (`question_id`) REFERENCES `questions` (`id`) ON DELETE CASCADE ON UPDATE CASCADE,
  CONSTRAINT `options_ibfk_19` FOREIGN KEY (`question_id`) REFERENCES `questions` (`id`) ON DELETE CASCADE ON UPDATE CASCADE,
  CONSTRAINT `options_ibfk_2` FOREIGN KEY (`question_id`) REFERENCES `questions` (`id`) ON DELETE CASCADE ON UPDATE CASCADE,
  CONSTRAINT `options_ibfk_20` FOREIGN KEY (`question_id`) REFERENCES `questions` (`id`) ON DELETE CASCADE ON UPDATE CASCADE,
  CONSTRAINT `options_ibfk_21` FOREIGN KEY (`question_id`) REFERENCES `questions` (`id`) ON DELETE CASCADE ON UPDATE CASCADE,
  CONSTRAINT `options_ibfk_22` FOREIGN KEY (`question_id`) REFERENCES `questions` (`id`) ON DELETE CASCADE ON UPDATE CASCADE,
  CONSTRAINT `options_ibfk_23` FOREIGN KEY (`question_id`) REFERENCES `questions` (`id`) ON DELETE CASCADE ON UPDATE CASCADE,
  CONSTRAINT `options_ibfk_24` FOREIGN KEY (`question_id`) REFERENCES `questions` (`id`) ON DELETE CASCADE ON UPDATE CASCADE,
  CONSTRAINT `options_ibfk_25` FOREIGN KEY (`question_id`) REFERENCES `questions` (`id`) ON DELETE CASCADE ON UPDATE CASCADE,
  CONSTRAINT `options_ibfk_26` FOREIGN KEY (`question_id`) REFERENCES `questions` (`id`) ON DELETE CASCADE ON UPDATE CASCADE,
  CONSTRAINT `options_ibfk_27` FOREIGN KEY (`question_id`) REFERENCES `questions` (`id`) ON DELETE CASCADE ON UPDATE CASCADE,
  CONSTRAINT `options_ibfk_28` FOREIGN KEY (`question_id`) REFERENCES `questions` (`id`) ON DELETE CASCADE ON UPDATE CASCADE,
  CONSTRAINT `options_ibfk_29` FOREIGN KEY (`question_id`) REFERENCES `questions` (`id`) ON DELETE CASCADE ON UPDATE CASCADE,
  CONSTRAINT `options_ibfk_3` FOREIGN KEY (`question_id`) REFERENCES `questions` (`id`) ON DELETE CASCADE ON UPDATE CASCADE,
  CONSTRAINT `options_ibfk_30` FOREIGN KEY (`question_id`) REFERENCES `questions` (`id`) ON DELETE CASCADE ON UPDATE CASCADE,
  CONSTRAINT `options_ibfk_31` FOREIGN KEY (`question_id`) REFERENCES `questions` (`id`) ON DELETE CASCADE ON UPDATE CASCADE,
  CONSTRAINT `options_ibfk_32` FOREIGN KEY (`question_id`) REFERENCES `questions` (`id`) ON DELETE CASCADE ON UPDATE CASCADE,
  CONSTRAINT `options_ibfk_33` FOREIGN KEY (`question_id`) REFERENCES `questions` (`id`) ON DELETE CASCADE ON UPDATE CASCADE,
  CONSTRAINT `options_ibfk_34` FOREIGN KEY (`question_id`) REFERENCES `questions` (`id`) ON DELETE CASCADE ON UPDATE CASCADE,
  CONSTRAINT `options_ibfk_35` FOREIGN KEY (`question_id`) REFERENCES `questions` (`id`) ON DELETE CASCADE ON UPDATE CASCADE,
  CONSTRAINT `options_ibfk_36` FOREIGN KEY (`question_id`) REFERENCES `questions` (`id`) ON DELETE CASCADE ON UPDATE CASCADE,
  CONSTRAINT `options_ibfk_37` FOREIGN KEY (`question_id`) REFERENCES `questions` (`id`) ON DELETE CASCADE ON UPDATE CASCADE,
  CONSTRAINT `options_ibfk_38` FOREIGN KEY (`question_id`) REFERENCES `questions` (`id`) ON DELETE CASCADE ON UPDATE CASCADE,
  CONSTRAINT `options_ibfk_39` FOREIGN KEY (`question_id`) REFERENCES `questions` (`id`) ON DELETE CASCADE ON UPDATE CASCADE,
  CONSTRAINT `options_ibfk_4` FOREIGN KEY (`question_id`) REFERENCES `questions` (`id`) ON DELETE CASCADE ON UPDATE CASCADE,
  CONSTRAINT `options_ibfk_40` FOREIGN KEY (`question_id`) REFERENCES `questions` (`id`) ON DELETE CASCADE ON UPDATE CASCADE,
  CONSTRAINT `options_ibfk_41` FOREIGN KEY (`question_id`) REFERENCES `questions` (`id`) ON DELETE CASCADE ON UPDATE CASCADE,
  CONSTRAINT `options_ibfk_42` FOREIGN KEY (`question_id`) REFERENCES `questions` (`id`) ON DELETE CASCADE ON UPDATE CASCADE,
  CONSTRAINT `options_ibfk_43` FOREIGN KEY (`question_id`) REFERENCES `questions` (`id`) ON DELETE CASCADE ON UPDATE CASCADE,
  CONSTRAINT `options_ibfk_44` FOREIGN KEY (`question_id`) REFERENCES `questions` (`id`) ON DELETE CASCADE ON UPDATE CASCADE,
  CONSTRAINT `options_ibfk_45` FOREIGN KEY (`question_id`) REFERENCES `questions` (`id`) ON DELETE CASCADE ON UPDATE CASCADE,
  CONSTRAINT `options_ibfk_46` FOREIGN KEY (`question_id`) REFERENCES `questions` (`id`) ON DELETE CASCADE ON UPDATE CASCADE,
  CONSTRAINT `options_ibfk_47` FOREIGN KEY (`question_id`) REFERENCES `questions` (`id`) ON DELETE CASCADE ON UPDATE CASCADE,
  CONSTRAINT `options_ibfk_48` FOREIGN KEY (`question_id`) REFERENCES `questions` (`id`) ON DELETE CASCADE ON UPDATE CASCADE,
  CONSTRAINT `options_ibfk_49` FOREIGN KEY (`question_id`) REFERENCES `questions` (`id`) ON DELETE CASCADE ON UPDATE CASCADE,
  CONSTRAINT `options_ibfk_5` FOREIGN KEY (`question_id`) REFERENCES `questions` (`id`) ON DELETE CASCADE ON UPDATE CASCADE,
  CONSTRAINT `options_ibfk_50` FOREIGN KEY (`question_id`) REFERENCES `questions` (`id`) ON DELETE CASCADE ON UPDATE CASCADE,
  CONSTRAINT `options_ibfk_51` FOREIGN KEY (`question_id`) REFERENCES `questions` (`id`) ON DELETE CASCADE ON UPDATE CASCADE,
  CONSTRAINT `options_ibfk_52` FOREIGN KEY (`question_id`) REFERENCES `questions` (`id`) ON DELETE CASCADE ON UPDATE CASCADE,
  CONSTRAINT `options_ibfk_53` FOREIGN KEY (`question_id`) REFERENCES `questions` (`id`) ON DELETE CASCADE ON UPDATE CASCADE,
  CONSTRAINT `options_ibfk_54` FOREIGN KEY (`question_id`) REFERENCES `questions` (`id`) ON DELETE CASCADE ON UPDATE CASCADE,
  CONSTRAINT `options_ibfk_55` FOREIGN KEY (`question_id`) REFERENCES `questions` (`id`) ON DELETE CASCADE ON UPDATE CASCADE,
  CONSTRAINT `options_ibfk_56` FOREIGN KEY (`question_id`) REFERENCES `questions` (`id`) ON DELETE CASCADE ON UPDATE CASCADE,
  CONSTRAINT `options_ibfk_57` FOREIGN KEY (`question_id`) REFERENCES `questions` (`id`) ON DELETE CASCADE ON UPDATE CASCADE,
  CONSTRAINT `options_ibfk_58` FOREIGN KEY (`question_id`) REFERENCES `questions` (`id`) ON DELETE CASCADE ON UPDATE CASCADE,
  CONSTRAINT `options_ibfk_59` FOREIGN KEY (`question_id`) REFERENCES `questions` (`id`) ON DELETE CASCADE ON UPDATE CASCADE,
  CONSTRAINT `options_ibfk_6` FOREIGN KEY (`question_id`) REFERENCES `questions` (`id`) ON DELETE CASCADE ON UPDATE CASCADE,
  CONSTRAINT `options_ibfk_60` FOREIGN KEY (`question_id`) REFERENCES `questions` (`id`) ON DELETE CASCADE ON UPDATE CASCADE,
  CONSTRAINT `options_ibfk_61` FOREIGN KEY (`question_id`) REFERENCES `questions` (`id`) ON DELETE CASCADE ON UPDATE CASCADE,
  CONSTRAINT `options_ibfk_62` FOREIGN KEY (`question_id`) REFERENCES `questions` (`id`) ON DELETE CASCADE ON UPDATE CASCADE,
  CONSTRAINT `options_ibfk_63` FOREIGN KEY (`question_id`) REFERENCES `questions` (`id`) ON DELETE CASCADE ON UPDATE CASCADE,
  CONSTRAINT `options_ibfk_64` FOREIGN KEY (`question_id`) REFERENCES `questions` (`id`) ON DELETE CASCADE ON UPDATE CASCADE,
  CONSTRAINT `options_ibfk_65` FOREIGN KEY (`question_id`) REFERENCES `questions` (`id`) ON DELETE CASCADE ON UPDATE CASCADE,
  CONSTRAINT `options_ibfk_66` FOREIGN KEY (`question_id`) REFERENCES `questions` (`id`) ON DELETE CASCADE ON UPDATE CASCADE,
  CONSTRAINT `options_ibfk_67` FOREIGN KEY (`question_id`) REFERENCES `questions` (`id`) ON DELETE CASCADE ON UPDATE CASCADE,
  CONSTRAINT `options_ibfk_68` FOREIGN KEY (`question_id`) REFERENCES `questions` (`id`) ON DELETE CASCADE ON UPDATE CASCADE,
  CONSTRAINT `options_ibfk_69` FOREIGN KEY (`question_id`) REFERENCES `questions` (`id`) ON DELETE CASCADE ON UPDATE CASCADE,
  CONSTRAINT `options_ibfk_7` FOREIGN KEY (`question_id`) REFERENCES `questions` (`id`) ON DELETE CASCADE ON UPDATE CASCADE,
  CONSTRAINT `options_ibfk_70` FOREIGN KEY (`question_id`) REFERENCES `questions` (`id`) ON DELETE CASCADE ON UPDATE CASCADE,
  CONSTRAINT `options_ibfk_71` FOREIGN KEY (`question_id`) REFERENCES `questions` (`id`) ON DELETE CASCADE ON UPDATE CASCADE,
  CONSTRAINT `options_ibfk_72` FOREIGN KEY (`question_id`) REFERENCES `questions` (`id`) ON DELETE CASCADE ON UPDATE CASCADE,
  CONSTRAINT `options_ibfk_73` FOREIGN KEY (`question_id`) REFERENCES `questions` (`id`) ON DELETE CASCADE ON UPDATE CASCADE,
  CONSTRAINT `options_ibfk_74` FOREIGN KEY (`question_id`) REFERENCES `questions` (`id`) ON DELETE CASCADE ON UPDATE CASCADE,
  CONSTRAINT `options_ibfk_75` FOREIGN KEY (`question_id`) REFERENCES `questions` (`id`) ON DELETE CASCADE ON UPDATE CASCADE,
  CONSTRAINT `options_ibfk_76` FOREIGN KEY (`question_id`) REFERENCES `questions` (`id`) ON DELETE CASCADE ON UPDATE CASCADE,
  CONSTRAINT `options_ibfk_77` FOREIGN KEY (`question_id`) REFERENCES `questions` (`id`) ON DELETE CASCADE ON UPDATE CASCADE,
  CONSTRAINT `options_ibfk_78` FOREIGN KEY (`question_id`) REFERENCES `questions` (`id`) ON DELETE CASCADE ON UPDATE CASCADE,
  CONSTRAINT `options_ibfk_79` FOREIGN KEY (`question_id`) REFERENCES `questions` (`id`) ON DELETE CASCADE ON UPDATE CASCADE,
  CONSTRAINT `options_ibfk_8` FOREIGN KEY (`question_id`) REFERENCES `questions` (`id`) ON DELETE CASCADE ON UPDATE CASCADE,
  CONSTRAINT `options_ibfk_80` FOREIGN KEY (`question_id`) REFERENCES `questions` (`id`) ON DELETE CASCADE ON UPDATE CASCADE,
  CONSTRAINT `options_ibfk_81` FOREIGN KEY (`question_id`) REFERENCES `questions` (`id`) ON DELETE CASCADE ON UPDATE CASCADE,
  CONSTRAINT `options_ibfk_82` FOREIGN KEY (`question_id`) REFERENCES `questions` (`id`) ON DELETE CASCADE ON UPDATE CASCADE,
  CONSTRAINT `options_ibfk_83` FOREIGN KEY (`question_id`) REFERENCES `questions` (`id`) ON DELETE CASCADE ON UPDATE CASCADE,
  CONSTRAINT `options_ibfk_84` FOREIGN KEY (`question_id`) REFERENCES `questions` (`id`) ON DELETE CASCADE ON UPDATE CASCADE,
  CONSTRAINT `options_ibfk_9` FOREIGN KEY (`question_id`) REFERENCES `questions` (`id`) ON DELETE CASCADE ON UPDATE CASCADE
) ENGINE=InnoDB AUTO_INCREMENT=416 DEFAULT CHARSET=utf8mb4 COLLATE=utf8mb4_0900_ai_ci;
/*!40101 SET character_set_client = @saved_cs_client */;

--
-- Dumping data for table `options`
--

LOCK TABLES `options` WRITE;
/*!40000 ALTER TABLE `options` DISABLE KEYS */;
INSERT INTO `options` VALUES (156,83,'A',0,'2024-07-08 17:31:16'),(157,83,'B',0,'2024-07-08 17:31:16'),(158,83,'C',0,'2024-07-08 17:31:16'),(159,83,'D',1,'2024-07-08 17:31:16'),(160,84,'A',0,'2024-07-08 17:32:57'),(161,84,'B',0,'2024-07-08 17:32:57'),(162,84,'C',1,'2024-07-08 17:32:57'),(163,84,'D',0,'2024-07-08 17:32:57'),(164,85,'A',0,'2024-07-08 17:33:44'),(165,85,'B',0,'2024-07-08 17:33:45'),(166,85,'C',0,'2024-07-08 17:33:45'),(167,85,'D',1,'2024-07-08 17:33:45'),(168,86,'A',1,'2024-07-08 17:34:37'),(169,86,'B',0,'2024-07-08 17:34:37'),(170,86,'C',0,'2024-07-08 17:34:37'),(171,86,'D',0,'2024-07-08 17:34:37'),(172,87,'A',0,'2024-07-08 17:36:40'),(173,87,'B',1,'2024-07-08 17:36:40'),(174,87,'C',0,'2024-07-08 17:36:40'),(175,87,'D',0,'2024-07-08 17:36:40'),(176,88,'A',0,'2024-07-08 17:38:04'),(177,88,'B',1,'2024-07-08 17:38:04'),(178,88,'C',0,'2024-07-08 17:38:04'),(179,88,'D',0,'2024-07-08 17:38:04'),(180,89,'A',0,'2024-07-08 17:39:16'),(181,89,'B',0,'2024-07-08 17:39:16'),(182,89,'C',0,'2024-07-08 17:39:16'),(183,89,'D',1,'2024-07-08 17:39:16'),(184,90,'A',0,'2024-07-08 17:39:36'),(185,90,'B',0,'2024-07-08 17:39:36'),(186,90,'C',0,'2024-07-08 17:39:36'),(187,90,'D',1,'2024-07-08 17:39:36'),(188,91,'A',0,'2024-07-08 17:40:34'),(189,91,'B',1,'2024-07-08 17:40:34'),(190,91,'C',0,'2024-07-08 17:40:35'),(191,91,'D',0,'2024-07-08 17:40:35'),(192,92,'A',0,'2024-07-08 17:41:29'),(193,92,'B',0,'2024-07-08 17:41:29'),(194,92,'C',0,'2024-07-08 17:41:30'),(195,92,'D',1,'2024-07-08 17:41:30'),(196,93,'A',1,'2024-07-08 17:42:30'),(197,93,'B',0,'2024-07-08 17:42:30'),(198,93,'C',0,'2024-07-08 17:42:30'),(199,93,'D',0,'2024-07-08 17:42:30'),(200,94,'A',0,'2024-07-08 17:43:23'),(201,94,'B',0,'2024-07-08 17:43:23'),(202,94,'C',0,'2024-07-08 17:43:23'),(203,94,'D',1,'2024-07-08 17:43:23'),(204,95,'A',0,'2024-07-08 17:44:15'),(205,95,'B',0,'2024-07-08 17:44:15'),(206,95,'C',0,'2024-07-08 17:44:15'),(207,95,'D',1,'2024-07-08 17:44:15'),(208,96,'A',1,'2024-07-08 17:45:21'),(209,96,'B',0,'2024-07-08 17:45:21'),(210,96,'C',0,'2024-07-08 17:45:21'),(211,96,'D',0,'2024-07-08 17:45:21'),(212,97,'A',1,'2024-07-08 17:45:53'),(213,97,'B',0,'2024-07-08 17:45:53'),(214,97,'C',0,'2024-07-08 17:45:53'),(215,97,'D',0,'2024-07-08 17:45:53'),(216,98,'A',0,'2024-07-08 17:47:29'),(217,98,'B',1,'2024-07-08 17:47:29'),(218,98,'C',0,'2024-07-08 17:47:29'),(219,98,'D',0,'2024-07-08 17:47:29'),(220,99,'A',1,'2024-07-08 17:48:23'),(221,99,'B',0,'2024-07-08 17:48:23'),(222,99,'C',0,'2024-07-08 17:48:23'),(223,99,'D',0,'2024-07-08 17:48:23'),(224,100,'A',0,'2024-07-08 17:49:21'),(225,100,'B',1,'2024-07-08 17:49:21'),(226,100,'C',0,'2024-07-08 17:49:22'),(227,100,'D',0,'2024-07-08 17:49:22'),(228,101,'A',0,'2024-07-08 17:50:16'),(229,101,'B',0,'2024-07-08 17:50:16'),(230,101,'C',1,'2024-07-08 17:50:16'),(231,101,'D',0,'2024-07-08 17:50:16'),(232,102,'A',0,'2024-07-08 17:50:56'),(233,102,'B',0,'2024-07-08 17:50:56'),(234,102,'C',1,'2024-07-08 17:50:56'),(235,102,'D',0,'2024-07-08 17:50:57'),(236,103,'A',0,'2024-07-08 17:51:51'),(237,103,'B',0,'2024-07-08 17:51:51'),(238,103,'C',0,'2024-07-08 17:51:52'),(239,103,'D',1,'2024-07-08 17:51:52'),(240,104,'A',0,'2024-07-08 17:53:19'),(241,104,'B',0,'2024-07-08 17:53:19'),(242,104,'C',1,'2024-07-08 17:53:19'),(243,104,'D',0,'2024-07-08 17:53:19'),(244,105,'A',0,'2024-07-08 17:55:31'),(245,105,'B',1,'2024-07-08 17:55:31'),(246,105,'C',1,'2024-07-08 17:55:31'),(247,105,'D',1,'2024-07-08 17:55:31'),(248,106,'A',1,'2024-07-08 18:04:29'),(249,106,'B',1,'2024-07-08 18:04:29'),(250,106,'C',0,'2024-07-08 18:04:29'),(251,106,'D',1,'2024-07-08 18:04:29'),(252,107,'A',1,'2024-07-08 18:05:25'),(253,107,'B',1,'2024-07-08 18:05:25'),(254,107,'C',0,'2024-07-08 18:05:25'),(255,107,'D',0,'2024-07-08 18:05:25'),(256,108,'A',1,'2024-07-08 18:06:33'),(257,108,'B',0,'2024-07-08 18:06:33'),(258,108,'C',0,'2024-07-08 18:06:33'),(259,108,'D',1,'2024-07-08 18:06:34'),(260,109,'A',1,'2024-07-08 18:08:17'),(261,109,'B',1,'2024-07-08 18:08:17'),(262,109,'C',1,'2024-07-08 18:08:17'),(263,109,'D',0,'2024-07-08 18:08:17'),(264,110,'512',0,'2024-07-08 18:10:57'),(265,110,'503',0,'2024-07-08 18:10:57'),(266,110,'509',1,'2024-07-08 18:10:57'),(267,110,'506',0,'2024-07-08 18:10:57'),(268,111,'8',0,'2024-07-08 18:13:10'),(269,111,'5',1,'2024-07-08 18:13:10'),(270,111,'9',0,'2024-07-08 18:13:10'),(271,111,'6',0,'2024-07-08 18:13:10'),(272,112,'30',0,'2024-07-08 18:15:10'),(273,112,'36',1,'2024-07-08 18:15:10'),(274,112,'32',0,'2024-07-08 18:15:10'),(275,112,'33',0,'2024-07-08 18:15:10'),(276,113,'3',0,'2024-07-08 18:18:19'),(277,113,'6',0,'2024-07-08 18:18:19'),(278,113,'8',1,'2024-07-08 18:18:19'),(279,113,'9',0,'2024-07-08 18:18:19'),(280,114,'7',1,'2024-07-08 18:19:48'),(281,114,'6',0,'2024-07-08 18:19:48'),(282,114,'8',0,'2024-07-08 18:19:48'),(283,114,'9',0,'2024-07-08 18:19:48'),(284,115,'0.85',1,'2024-07-08 18:22:05'),(285,115,'0.95',0,'2024-07-08 18:22:05'),(286,115,'0.75',0,'2024-07-08 18:22:05'),(287,115,'0.65',0,'2024-07-08 18:22:05'),(288,116,'-0.8',0,'2024-07-08 18:24:18'),(289,116,'-0.9',0,'2024-07-08 18:24:18'),(290,116,'-0.5',1,'2024-07-08 18:24:18'),(291,116,'0.5',0,'2024-07-08 18:24:18'),(292,117,'8',0,'2024-07-08 18:25:49'),(293,117,'9',0,'2024-07-08 18:25:49'),(294,117,'4',1,'2024-07-08 18:25:49'),(295,117,'5',0,'2024-07-08 18:25:49'),(296,118,'A',1,'2024-07-08 18:28:12'),(297,118,'B',0,'2024-07-08 18:28:12'),(298,118,'C',0,'2024-07-08 18:28:12'),(299,118,'D',0,'2024-07-08 18:28:12'),(300,119,'A',0,'2024-07-08 18:30:09'),(301,119,'B',0,'2024-07-08 18:30:09'),(302,119,'C',0,'2024-07-08 18:30:09'),(303,119,'D',1,'2024-07-08 18:30:09'),(304,120,'A',0,'2024-07-08 18:31:37'),(305,120,'B',0,'2024-07-08 18:31:37'),(306,120,'C',1,'2024-07-08 18:31:37'),(307,120,'D',0,'2024-07-08 18:31:37'),(308,121,'A',1,'2024-07-08 18:32:31'),(309,121,'B',0,'2024-07-08 18:32:31'),(310,121,'C',0,'2024-07-08 18:32:31'),(311,121,'D',0,'2024-07-08 18:32:31'),(312,122,'A',0,'2024-07-08 18:34:27'),(313,122,'B',1,'2024-07-08 18:34:27'),(314,122,'C',0,'2024-07-08 18:34:27'),(315,122,'D',0,'2024-07-08 18:34:27'),(316,123,'A',0,'2024-07-08 18:35:33'),(317,123,'B',0,'2024-07-08 18:35:33'),(318,123,'C',0,'2024-07-08 18:35:33'),(319,123,'D',1,'2024-07-08 18:35:33'),(320,124,'A',1,'2024-07-08 18:36:29'),(321,124,'B',0,'2024-07-08 18:36:29'),(322,124,'C',0,'2024-07-08 18:36:29'),(323,124,'D',0,'2024-07-08 18:36:29'),(324,125,'A',1,'2024-07-08 18:37:17'),(325,125,'B',0,'2024-07-08 18:37:17'),(326,125,'C',0,'2024-07-08 18:37:17'),(327,125,'D',0,'2024-07-08 18:37:17'),(328,126,'A',0,'2024-07-08 18:38:33'),(329,126,'B',0,'2024-07-08 18:38:33'),(330,126,'C',0,'2024-07-08 18:38:33'),(331,126,'D',1,'2024-07-08 18:38:33'),(332,127,'A',1,'2024-07-08 18:40:18'),(333,127,'B',1,'2024-07-08 18:40:18'),(334,127,'C',1,'2024-07-08 18:40:18'),(335,127,'D',0,'2024-07-08 18:40:18'),(336,128,'A',1,'2024-07-08 18:41:08'),(337,128,'B',1,'2024-07-08 18:41:08'),(338,128,'C',1,'2024-07-08 18:41:08'),(339,128,'D',0,'2024-07-08 18:41:08'),(340,129,'A',0,'2024-07-08 18:42:09'),(341,129,'B',1,'2024-07-08 18:42:09'),(342,129,'C',1,'2024-07-08 18:42:09'),(343,129,'D',1,'2024-07-08 18:42:09'),(344,130,'A',1,'2024-07-08 18:43:30'),(345,130,'B',1,'2024-07-08 18:43:30'),(346,130,'C',1,'2024-07-08 18:43:30'),(347,130,'D',0,'2024-07-08 18:43:30'),(348,131,'A',1,'2024-07-08 18:44:14'),(349,131,'B',1,'2024-07-08 18:44:14'),(350,131,'C',1,'2024-07-08 18:44:14'),(351,131,'D',0,'2024-07-08 18:44:15'),(352,132,'A',1,'2024-07-08 18:44:56'),(353,132,'B',1,'2024-07-08 18:44:56'),(354,132,'C',1,'2024-07-08 18:44:56'),(355,132,'D',0,'2024-07-08 18:44:56'),(356,133,'A',1,'2024-07-08 18:46:12'),(357,133,'B',0,'2024-07-08 18:46:12'),(358,133,'C',0,'2024-07-08 18:46:12'),(359,133,'D',0,'2024-07-08 18:46:12'),(360,134,'A',1,'2024-07-08 18:47:36'),(361,134,'B',0,'2024-07-08 18:47:36'),(362,134,'C',1,'2024-07-08 18:47:36'),(363,134,'D',1,'2024-07-08 18:47:36'),(364,135,'A',1,'2024-07-08 18:48:34'),(365,135,'B',1,'2024-07-08 18:48:34'),(366,135,'C',0,'2024-07-08 18:48:34'),(367,135,'D',1,'2024-07-08 18:48:34'),(368,136,'A',0,'2024-07-08 18:49:34'),(369,136,'B',1,'2024-07-08 18:49:34'),(370,136,'C',0,'2024-07-08 18:49:34'),(371,136,'D',1,'2024-07-08 18:49:34'),(372,137,'5',0,'2024-07-08 18:51:34'),(373,137,'3',0,'2024-07-08 18:51:34'),(374,137,'4',0,'2024-07-08 18:51:34'),(375,137,'2',1,'2024-07-08 18:51:34'),(376,138,'0.5',1,'2024-07-08 18:53:16'),(377,138,'0.3',0,'2024-07-08 18:53:16'),(378,138,'0.4',0,'2024-07-08 18:53:16'),(379,138,'0.2',0,'2024-07-08 18:53:16'),(380,139,'24',1,'2024-07-08 18:54:55'),(381,139,'22',0,'2024-07-08 18:54:55'),(382,139,'25',0,'2024-07-08 18:54:55'),(383,139,'20',0,'2024-07-08 18:54:55'),(384,140,'7.07 to 7.09',1,'2024-07-08 18:58:20'),(385,140,'7.17 to 7.19',0,'2024-07-08 18:58:20'),(386,140,'8.07 to 8.09',0,'2024-07-08 18:58:20'),(387,140,'8.17 to 8.19',0,'2024-07-08 18:58:20'),(388,141,'36',0,'2024-07-08 19:00:04'),(389,141,'43',0,'2024-07-08 19:00:04'),(390,141,'33',1,'2024-07-08 19:00:04'),(391,141,'30',0,'2024-07-08 19:00:04'),(392,142,'3.42 to 3.45',0,'2024-07-08 19:02:34'),(393,142,'0.42 to 0.45',0,'2024-07-08 19:02:34'),(394,142,'1.42 to 1.45',1,'2024-07-08 19:02:34'),(395,142,'2.42 to 2.45',0,'2024-07-08 19:02:34'),(396,143,'2',0,'2024-07-08 19:03:41'),(397,143,'3',0,'2024-07-08 19:03:41'),(398,143,'0',1,'2024-07-08 19:03:41'),(399,143,'1',0,'2024-07-08 19:03:41'),(400,144,'152',0,'2024-07-08 19:05:20'),(401,144,'153',1,'2024-07-08 19:05:20'),(402,144,'155',0,'2024-07-08 19:05:20'),(403,144,'150',0,'2024-07-08 19:05:20'),(404,145,'0.9',0,'2024-07-08 19:07:08'),(405,145,'0.2',0,'2024-07-08 19:07:08'),(406,145,'0.6',1,'2024-07-08 19:07:08'),(407,145,'0.5',0,'2024-07-08 19:07:08'),(408,146,'40',0,'2024-07-08 19:11:05'),(409,146,'50',0,'2024-07-08 19:11:05'),(410,146,'80',1,'2024-07-08 19:11:05'),(411,146,'70',0,'2024-07-08 19:11:05'),(412,147,'40',0,'2024-09-29 10:01:47'),(413,147,'50',0,'2024-09-29 10:01:47'),(414,147,'80',1,'2024-09-29 10:01:47'),(415,147,'70',0,'2024-09-29 10:01:47');
/*!40000 ALTER TABLE `options` ENABLE KEYS */;
UNLOCK TABLES;

--
-- Table structure for table `questions`
--

DROP TABLE IF EXISTS `questions`;
/*!40101 SET @saved_cs_client     = @@character_set_client */;
/*!50503 SET character_set_client = utf8mb4 */;
CREATE TABLE `questions` (
  `id` int NOT NULL AUTO_INCREMENT,
  `test_id` int NOT NULL,
  `question_link` varchar(255) NOT NULL,
  `question_type` enum('MCQ','NUMERICAL','MSQ') NOT NULL,
  `created_at` datetime DEFAULT NULL,
  `marks` int NOT NULL DEFAULT '1',
  `solution_link` varchar(255) DEFAULT NULL,
  `reference_link` varchar(255) DEFAULT NULL,
  PRIMARY KEY (`id`),
  KEY `test_id` (`test_id`),
  CONSTRAINT `questions_ibfk_1` FOREIGN KEY (`test_id`) REFERENCES `tests` (`id`),
  CONSTRAINT `questions_ibfk_10` FOREIGN KEY (`test_id`) REFERENCES `tests` (`id`),
  CONSTRAINT `questions_ibfk_100` FOREIGN KEY (`test_id`) REFERENCES `tests` (`id`) ON UPDATE CASCADE,
  CONSTRAINT `questions_ibfk_101` FOREIGN KEY (`test_id`) REFERENCES `tests` (`id`) ON DELETE CASCADE ON UPDATE CASCADE,
  CONSTRAINT `questions_ibfk_102` FOREIGN KEY (`test_id`) REFERENCES `tests` (`id`) ON UPDATE CASCADE,
  CONSTRAINT `questions_ibfk_103` FOREIGN KEY (`test_id`) REFERENCES `tests` (`id`) ON UPDATE CASCADE,
  CONSTRAINT `questions_ibfk_104` FOREIGN KEY (`test_id`) REFERENCES `tests` (`id`) ON UPDATE CASCADE,
  CONSTRAINT `questions_ibfk_105` FOREIGN KEY (`test_id`) REFERENCES `tests` (`id`) ON UPDATE CASCADE,
  CONSTRAINT `questions_ibfk_106` FOREIGN KEY (`test_id`) REFERENCES `tests` (`id`) ON UPDATE CASCADE,
  CONSTRAINT `questions_ibfk_107` FOREIGN KEY (`test_id`) REFERENCES `tests` (`id`) ON UPDATE CASCADE,
  CONSTRAINT `questions_ibfk_108` FOREIGN KEY (`test_id`) REFERENCES `tests` (`id`) ON UPDATE CASCADE,
  CONSTRAINT `questions_ibfk_109` FOREIGN KEY (`test_id`) REFERENCES `tests` (`id`) ON UPDATE CASCADE,
  CONSTRAINT `questions_ibfk_11` FOREIGN KEY (`test_id`) REFERENCES `tests` (`id`),
  CONSTRAINT `questions_ibfk_110` FOREIGN KEY (`test_id`) REFERENCES `tests` (`id`) ON UPDATE CASCADE,
  CONSTRAINT `questions_ibfk_111` FOREIGN KEY (`test_id`) REFERENCES `tests` (`id`) ON DELETE CASCADE ON UPDATE CASCADE,
  CONSTRAINT `questions_ibfk_112` FOREIGN KEY (`test_id`) REFERENCES `tests` (`id`) ON DELETE CASCADE ON UPDATE CASCADE,
  CONSTRAINT `questions_ibfk_113` FOREIGN KEY (`test_id`) REFERENCES `tests` (`id`) ON DELETE CASCADE ON UPDATE CASCADE,
  CONSTRAINT `questions_ibfk_114` FOREIGN KEY (`test_id`) REFERENCES `tests` (`id`) ON DELETE CASCADE ON UPDATE CASCADE,
  CONSTRAINT `questions_ibfk_115` FOREIGN KEY (`test_id`) REFERENCES `tests` (`id`) ON DELETE CASCADE ON UPDATE CASCADE,
  CONSTRAINT `questions_ibfk_12` FOREIGN KEY (`test_id`) REFERENCES `tests` (`id`),
  CONSTRAINT `questions_ibfk_13` FOREIGN KEY (`test_id`) REFERENCES `tests` (`id`),
  CONSTRAINT `questions_ibfk_14` FOREIGN KEY (`test_id`) REFERENCES `tests` (`id`),
  CONSTRAINT `questions_ibfk_15` FOREIGN KEY (`test_id`) REFERENCES `tests` (`id`),
  CONSTRAINT `questions_ibfk_16` FOREIGN KEY (`test_id`) REFERENCES `tests` (`id`),
  CONSTRAINT `questions_ibfk_17` FOREIGN KEY (`test_id`) REFERENCES `tests` (`id`),
  CONSTRAINT `questions_ibfk_18` FOREIGN KEY (`test_id`) REFERENCES `tests` (`id`),
  CONSTRAINT `questions_ibfk_19` FOREIGN KEY (`test_id`) REFERENCES `tests` (`id`),
  CONSTRAINT `questions_ibfk_2` FOREIGN KEY (`test_id`) REFERENCES `tests` (`id`),
  CONSTRAINT `questions_ibfk_20` FOREIGN KEY (`test_id`) REFERENCES `tests` (`id`),
  CONSTRAINT `questions_ibfk_21` FOREIGN KEY (`test_id`) REFERENCES `tests` (`id`),
  CONSTRAINT `questions_ibfk_22` FOREIGN KEY (`test_id`) REFERENCES `tests` (`id`),
  CONSTRAINT `questions_ibfk_23` FOREIGN KEY (`test_id`) REFERENCES `tests` (`id`),
  CONSTRAINT `questions_ibfk_24` FOREIGN KEY (`test_id`) REFERENCES `tests` (`id`),
  CONSTRAINT `questions_ibfk_25` FOREIGN KEY (`test_id`) REFERENCES `tests` (`id`),
  CONSTRAINT `questions_ibfk_26` FOREIGN KEY (`test_id`) REFERENCES `tests` (`id`),
  CONSTRAINT `questions_ibfk_27` FOREIGN KEY (`test_id`) REFERENCES `tests` (`id`),
  CONSTRAINT `questions_ibfk_28` FOREIGN KEY (`test_id`) REFERENCES `tests` (`id`),
  CONSTRAINT `questions_ibfk_29` FOREIGN KEY (`test_id`) REFERENCES `tests` (`id`),
  CONSTRAINT `questions_ibfk_3` FOREIGN KEY (`test_id`) REFERENCES `tests` (`id`),
  CONSTRAINT `questions_ibfk_30` FOREIGN KEY (`test_id`) REFERENCES `tests` (`id`),
  CONSTRAINT `questions_ibfk_31` FOREIGN KEY (`test_id`) REFERENCES `tests` (`id`),
  CONSTRAINT `questions_ibfk_32` FOREIGN KEY (`test_id`) REFERENCES `tests` (`id`),
  CONSTRAINT `questions_ibfk_33` FOREIGN KEY (`test_id`) REFERENCES `tests` (`id`),
  CONSTRAINT `questions_ibfk_34` FOREIGN KEY (`test_id`) REFERENCES `tests` (`id`),
  CONSTRAINT `questions_ibfk_35` FOREIGN KEY (`test_id`) REFERENCES `tests` (`id`),
  CONSTRAINT `questions_ibfk_36` FOREIGN KEY (`test_id`) REFERENCES `tests` (`id`),
  CONSTRAINT `questions_ibfk_38` FOREIGN KEY (`test_id`) REFERENCES `tests` (`id`),
  CONSTRAINT `questions_ibfk_4` FOREIGN KEY (`test_id`) REFERENCES `tests` (`id`),
  CONSTRAINT `questions_ibfk_40` FOREIGN KEY (`test_id`) REFERENCES `tests` (`id`),
  CONSTRAINT `questions_ibfk_42` FOREIGN KEY (`test_id`) REFERENCES `tests` (`id`),
  CONSTRAINT `questions_ibfk_44` FOREIGN KEY (`test_id`) REFERENCES `tests` (`id`),
  CONSTRAINT `questions_ibfk_46` FOREIGN KEY (`test_id`) REFERENCES `tests` (`id`),
  CONSTRAINT `questions_ibfk_48` FOREIGN KEY (`test_id`) REFERENCES `tests` (`id`),
  CONSTRAINT `questions_ibfk_5` FOREIGN KEY (`test_id`) REFERENCES `tests` (`id`),
  CONSTRAINT `questions_ibfk_50` FOREIGN KEY (`test_id`) REFERENCES `tests` (`id`),
  CONSTRAINT `questions_ibfk_51` FOREIGN KEY (`test_id`) REFERENCES `tests` (`id`),
  CONSTRAINT `questions_ibfk_53` FOREIGN KEY (`test_id`) REFERENCES `tests` (`id`),
  CONSTRAINT `questions_ibfk_55` FOREIGN KEY (`test_id`) REFERENCES `tests` (`id`),
  CONSTRAINT `questions_ibfk_57` FOREIGN KEY (`test_id`) REFERENCES `tests` (`id`),
  CONSTRAINT `questions_ibfk_59` FOREIGN KEY (`test_id`) REFERENCES `tests` (`id`),
  CONSTRAINT `questions_ibfk_6` FOREIGN KEY (`test_id`) REFERENCES `tests` (`id`),
  CONSTRAINT `questions_ibfk_61` FOREIGN KEY (`test_id`) REFERENCES `tests` (`id`),
  CONSTRAINT `questions_ibfk_62` FOREIGN KEY (`test_id`) REFERENCES `tests` (`id`),
  CONSTRAINT `questions_ibfk_64` FOREIGN KEY (`test_id`) REFERENCES `tests` (`id`),
  CONSTRAINT `questions_ibfk_66` FOREIGN KEY (`test_id`) REFERENCES `tests` (`id`),
  CONSTRAINT `questions_ibfk_68` FOREIGN KEY (`test_id`) REFERENCES `tests` (`id`),
  CONSTRAINT `questions_ibfk_7` FOREIGN KEY (`test_id`) REFERENCES `tests` (`id`),
  CONSTRAINT `questions_ibfk_70` FOREIGN KEY (`test_id`) REFERENCES `tests` (`id`),
  CONSTRAINT `questions_ibfk_71` FOREIGN KEY (`test_id`) REFERENCES `tests` (`id`),
  CONSTRAINT `questions_ibfk_73` FOREIGN KEY (`test_id`) REFERENCES `tests` (`id`),
  CONSTRAINT `questions_ibfk_75` FOREIGN KEY (`test_id`) REFERENCES `tests` (`id`),
  CONSTRAINT `questions_ibfk_77` FOREIGN KEY (`test_id`) REFERENCES `tests` (`id`),
  CONSTRAINT `questions_ibfk_79` FOREIGN KEY (`test_id`) REFERENCES `tests` (`id`),
  CONSTRAINT `questions_ibfk_8` FOREIGN KEY (`test_id`) REFERENCES `tests` (`id`),
  CONSTRAINT `questions_ibfk_81` FOREIGN KEY (`test_id`) REFERENCES `tests` (`id`),
  CONSTRAINT `questions_ibfk_83` FOREIGN KEY (`test_id`) REFERENCES `tests` (`id`),
  CONSTRAINT `questions_ibfk_85` FOREIGN KEY (`test_id`) REFERENCES `tests` (`id`),
  CONSTRAINT `questions_ibfk_87` FOREIGN KEY (`test_id`) REFERENCES `tests` (`id`),
  CONSTRAINT `questions_ibfk_89` FOREIGN KEY (`test_id`) REFERENCES `tests` (`id`),
  CONSTRAINT `questions_ibfk_9` FOREIGN KEY (`test_id`) REFERENCES `tests` (`id`),
  CONSTRAINT `questions_ibfk_91` FOREIGN KEY (`test_id`) REFERENCES `tests` (`id`) ON DELETE CASCADE ON UPDATE CASCADE,
  CONSTRAINT `questions_ibfk_92` FOREIGN KEY (`test_id`) REFERENCES `tests` (`id`) ON DELETE CASCADE ON UPDATE CASCADE,
  CONSTRAINT `questions_ibfk_93` FOREIGN KEY (`test_id`) REFERENCES `tests` (`id`) ON DELETE CASCADE ON UPDATE CASCADE,
  CONSTRAINT `questions_ibfk_94` FOREIGN KEY (`test_id`) REFERENCES `tests` (`id`) ON DELETE CASCADE ON UPDATE CASCADE,
  CONSTRAINT `questions_ibfk_95` FOREIGN KEY (`test_id`) REFERENCES `tests` (`id`) ON DELETE CASCADE ON UPDATE CASCADE,
  CONSTRAINT `questions_ibfk_96` FOREIGN KEY (`test_id`) REFERENCES `tests` (`id`) ON DELETE CASCADE ON UPDATE CASCADE,
  CONSTRAINT `questions_ibfk_97` FOREIGN KEY (`test_id`) REFERENCES `tests` (`id`) ON DELETE CASCADE ON UPDATE CASCADE,
  CONSTRAINT `questions_ibfk_98` FOREIGN KEY (`test_id`) REFERENCES `tests` (`id`) ON UPDATE CASCADE,
  CONSTRAINT `questions_ibfk_99` FOREIGN KEY (`test_id`) REFERENCES `tests` (`id`) ON UPDATE CASCADE
) ENGINE=InnoDB AUTO_INCREMENT=148 DEFAULT CHARSET=utf8mb4 COLLATE=utf8mb4_0900_ai_ci;
/*!40101 SET character_set_client = @saved_cs_client */;

--
-- Dumping data for table `questions`
--

LOCK TABLES `questions` WRITE;
/*!40000 ALTER TABLE `questions` DISABLE KEYS */;
INSERT INTO `questions` VALUES (83,3,'https://res.cloudinary.com/dtpp4j1w9/image/upload/v1720459876/questions/fpsgpxdkyvcj938t58mk.png','MCQ','2024-07-08 17:31:16',1,'https://res.cloudinary.com/dtpp4j1w9/image/upload/v1727584109/questions/lsmbyvnimf4kc4gjvhmz.jpg','https://youtube.com/playlist?list=PLC36xJgs4dxE43Au1FGRQvwHTr7NbgDCS&feature=shared'),(84,3,'https://res.cloudinary.com/dtpp4j1w9/image/upload/v1720459977/questions/meavqhlcg2rycgmiwm10.png','MCQ','2024-07-08 17:32:57',1,'https://res.cloudinary.com/dtpp4j1w9/image/upload/v1727601153/questions/vkohcbsjpihw2xbf9h20.png','https://youtube.com/playlist?list=PLC36xJgs4dxE43Au1FGRQvwHTr7NbgDCS&feature=shared'),(85,3,'https://res.cloudinary.com/dtpp4j1w9/image/upload/v1720460024/questions/c9njr9ovqlfnbbqmwtih.png','MCQ','2024-07-08 17:33:44',1,'https://res.cloudinary.com/dtpp4j1w9/image/upload/v1727601199/questions/ip1soyvjcl4qb0cq085p.png','https://youtube.com/playlist?list=PLC36xJgs4dxE43Au1FGRQvwHTr7NbgDCS&feature=shared'),(86,3,'https://res.cloudinary.com/dtpp4j1w9/image/upload/v1720460077/questions/haozsojmnmhhtbghvqp6.png','MCQ','2024-07-08 17:34:36',1,'https://res.cloudinary.com/dtpp4j1w9/image/upload/v1727601228/questions/av7z3vxdrhhhwiememhn.png','https://youtube.com/playlist?list=PLC36xJgs4dxE43Au1FGRQvwHTr7NbgDCS&feature=shared'),(87,3,'https://res.cloudinary.com/dtpp4j1w9/image/upload/v1720460200/questions/iorehkmimtjxbrzdytnc.png','MCQ','2024-07-08 17:36:39',1,'https://res.cloudinary.com/dtpp4j1w9/image/upload/v1727601289/questions/ujemld8zs2erenmsx0ox.png','https://youtube.com/playlist?list=PLC36xJgs4dxE43Au1FGRQvwHTr7NbgDCS&feature=shared'),(88,3,'https://res.cloudinary.com/dtpp4j1w9/image/upload/v1720460284/questions/fcnpalgalzsdi5w6qg00.png','MCQ','2024-07-08 17:38:04',2,'https://res.cloudinary.com/dtpp4j1w9/image/upload/v1727601318/questions/syxgojbpwmyl0jjngkk9.png','https://youtube.com/playlist?list=PLC36xJgs4dxE43Au1FGRQvwHTr7NbgDCS&feature=shared'),(89,3,'https://res.cloudinary.com/dtpp4j1w9/image/upload/v1720460356/questions/yqelyb4ffqshait7i1la.png','MCQ','2024-07-08 17:39:16',2,'https://res.cloudinary.com/dtpp4j1w9/image/upload/v1727601441/questions/yfooyw1mfsngjxfhvnc6.png','https://youtube.com/playlist?list=PLC36xJgs4dxE43Au1FGRQvwHTr7NbgDCS&feature=shared'),(90,3,'https://res.cloudinary.com/dtpp4j1w9/image/upload/v1720460376/questions/danktdnypdwtkakbnl36.png','MCQ','2024-07-08 17:39:36',2,'https://res.cloudinary.com/dtpp4j1w9/image/upload/v1727601475/questions/xwl7tevelkk8vz1qn8ua.png','https://youtube.com/playlist?list=PLC36xJgs4dxE43Au1FGRQvwHTr7NbgDCS&feature=shared'),(91,3,'https://res.cloudinary.com/dtpp4j1w9/image/upload/v1720460434/questions/rf2g9axyneo69bfgdndg.png','MCQ','2024-07-08 17:40:34',2,'https://res.cloudinary.com/dtpp4j1w9/image/upload/v1727601512/questions/ie0sdemnkrblxqtyvohw.png','https://youtube.com/playlist?list=PLC36xJgs4dxE43Au1FGRQvwHTr7NbgDCS&feature=shared'),(92,3,'https://res.cloudinary.com/dtpp4j1w9/image/upload/v1720460490/questions/gmyhzt86dg0tgbhjoo5z.png','MCQ','2024-07-08 17:41:29',2,'https://res.cloudinary.com/dtpp4j1w9/image/upload/v1727601544/questions/gbz2wiuvlisbnyelqvel.png','https://youtube.com/playlist?list=PLC36xJgs4dxE43Au1FGRQvwHTr7NbgDCS&feature=shared'),(93,3,'https://res.cloudinary.com/dtpp4j1w9/image/upload/v1720460550/questions/y0ysufusk8wvd6babjzy.png','MCQ','2024-07-08 17:42:30',1,'https://res.cloudinary.com/dtpp4j1w9/image/upload/v1727601598/questions/njp5o4nybcmccb0waysp.png','https://youtube.com/playlist?list=PLC36xJgs4dxE43Au1FGRQvwHTr7NbgDCS&feature=shared'),(94,3,'https://res.cloudinary.com/dtpp4j1w9/image/upload/v1720460603/questions/tr0klsjyug8dtdewdhiw.png','MCQ','2024-07-08 17:43:23',1,'https://res.cloudinary.com/dtpp4j1w9/image/upload/v1727601654/questions/ajprmuhxjgeczfaq7p2p.png','https://youtube.com/playlist?list=PLC36xJgs4dxE43Au1FGRQvwHTr7NbgDCS&feature=shared'),(95,3,'https://res.cloudinary.com/dtpp4j1w9/image/upload/v1720460654/questions/tfuci9bt8c6olscxh014.png','MCQ','2024-07-08 17:44:15',1,'https://res.cloudinary.com/dtpp4j1w9/image/upload/v1727601713/questions/qel3w7d19b1ellxrfzwl.png','https://youtube.com/playlist?list=PLC36xJgs4dxE43Au1FGRQvwHTr7NbgDCS&feature=shared'),(96,3,'https://res.cloudinary.com/dtpp4j1w9/image/upload/v1720460721/questions/i16kkqq2tnfngrbf6as0.png','MCQ','2024-07-08 17:45:21',1,'https://res.cloudinary.com/dtpp4j1w9/image/upload/v1727601749/questions/beypg0xu0mcngupnzmnl.png','https://youtube.com/playlist?list=PLC36xJgs4dxE43Au1FGRQvwHTr7NbgDCS&feature=shared'),(97,3,'https://res.cloudinary.com/dtpp4j1w9/image/upload/v1720460753/questions/kvduhlrjitvti5ab4359.png','MCQ','2024-07-08 17:45:53',1,'https://res.cloudinary.com/dtpp4j1w9/image/upload/v1727601804/questions/uzjq0ty4sf9kj2ikfeyn.png','https://youtube.com/playlist?list=PLC36xJgs4dxE43Au1FGRQvwHTr7NbgDCS&feature=shared'),(98,3,'https://res.cloudinary.com/dtpp4j1w9/image/upload/v1720460850/questions/jdfgal6yn0ah5sapqqtg.png','MCQ','2024-07-08 17:47:29',1,'https://res.cloudinary.com/dtpp4j1w9/image/upload/v1727601947/questions/dgoqhr72yypb9ljicqwy.png','https://youtube.com/playlist?list=PLC36xJgs4dxFCQVvjMrrjcY3XrcMm2GHy&feature=shared'),(99,3,'https://res.cloudinary.com/dtpp4j1w9/image/upload/v1720460899/questions/gic5acekw4la6oa5tyms.png','MCQ','2024-07-08 17:48:23',1,'https://res.cloudinary.com/dtpp4j1w9/image/upload/v1727601985/questions/j1dxb1qogeowdhpjqehi.png','https://www.youtube.com/live/hcmAY_UZwGk?feature=shared'),(100,3,'https://res.cloudinary.com/dtpp4j1w9/image/upload/v1720460962/questions/hgwe0unhbxuauhfveugm.png','MCQ','2024-07-08 17:49:21',1,'https://res.cloudinary.com/dtpp4j1w9/image/upload/v1727602027/questions/cjkylvjpxyolzbbxcu0j.png','https://www.youtube.com/live/-MkMmyXmeY0?feature=shared'),(101,3,'https://res.cloudinary.com/dtpp4j1w9/image/upload/v1720461016/questions/muvrexs0nx5ec3rwusgf.png','MCQ','2024-07-08 17:50:16',1,'https://res.cloudinary.com/dtpp4j1w9/image/upload/v1727602065/questions/hqsa8jpmahinqonxewjc.png','https://youtu.be/Wf2r8idBQMY?feature=shared'),(102,3,'https://res.cloudinary.com/dtpp4j1w9/image/upload/v1720461057/questions/aohx1hwj59hmrrao1xsh.png','MCQ','2024-07-08 17:50:56',1,'https://res.cloudinary.com/dtpp4j1w9/image/upload/v1727602108/questions/yfnnfybsxtnl9mdig045.png','https://youtube.com/playlist?list=PLC36xJgs4dxEYmhzVBW7nBdftFZ4xmiF1&feature=shared'),(103,3,'https://res.cloudinary.com/dtpp4j1w9/image/upload/v1720461111/questions/vqytz1abwnzkw9ipay3y.png','MCQ','2024-07-08 17:51:51',1,'https://res.cloudinary.com/dtpp4j1w9/image/upload/v1727602139/questions/lubinkpekfgaovrgh6hv.png','https://youtube.com/playlist?list=PLC36xJgs4dxG-IqARhc23jYTDMYt7yvZP&feature=shared'),(104,3,'https://res.cloudinary.com/dtpp4j1w9/image/upload/v1720461199/questions/belukt1aodzxlnovxx1v.png','MCQ','2024-07-08 17:53:19',1,'https://res.cloudinary.com/dtpp4j1w9/image/upload/v1727602172/questions/v6bxluptx5rxont3gcsf.png','https://youtu.be/mtrFHPD2HGY?feature=shared'),(105,3,'https://res.cloudinary.com/dtpp4j1w9/image/upload/v1720461331/questions/zmqyuvr2amfeabjlgivi.png','MSQ','2024-07-08 17:55:31',1,'https://res.cloudinary.com/dtpp4j1w9/image/upload/v1727602221/questions/i1zv8afwbj5cb1w1oaeq.png','https://youtu.be/M6eRmEbCaTA?feature=shared'),(106,3,'https://res.cloudinary.com/dtpp4j1w9/image/upload/v1720461869/questions/ospev6kxas7iaef73q8r.png','MSQ','2024-07-08 18:04:29',1,'https://res.cloudinary.com/dtpp4j1w9/image/upload/v1727602262/questions/u3oyddrhiyew9cv7teuk.png','https://youtu.be/hi0JphiZzo0?feature=shared'),(107,3,'https://res.cloudinary.com/dtpp4j1w9/image/upload/v1720461926/questions/ce9fvdw7bg6czv3fgjcg.png','MSQ','2024-07-08 18:05:25',1,'https://res.cloudinary.com/dtpp4j1w9/image/upload/v1727602299/questions/jga4rj4jg0gkvz0trc1s.png','https://youtube.com/playlist?list=PLC36xJgs4dxGcz7nZaxGxxmbJrcgDXhFk&feature=shared'),(108,3,'https://res.cloudinary.com/dtpp4j1w9/image/upload/v1720461993/questions/zhxqv5roafsyzal5ilht.png','MSQ','2024-07-08 18:06:33',1,'https://res.cloudinary.com/dtpp4j1w9/image/upload/v1727602335/questions/bkufyasauwfbhtec0bhy.png','https://youtu.be/Be5W_2zheU4?feature=shared'),(109,3,'https://res.cloudinary.com/dtpp4j1w9/image/upload/v1720462095/questions/gn0lwrfduye8fty8wfmj.png','MSQ','2024-07-08 18:08:16',1,'https://res.cloudinary.com/dtpp4j1w9/image/upload/v1727602368/questions/gpxoyapnvvao3jobddd7.png','https://youtube.com/playlist?list=PLC36xJgs4dxF0VI4wiJUDIAHOyW4uMrLF&feature=shared'),(110,3,'https://res.cloudinary.com/dtpp4j1w9/image/upload/v1720462257/questions/brxmpvonqpvwymcdtp2q.png','MCQ','2024-07-08 18:10:57',1,'https://res.cloudinary.com/dtpp4j1w9/image/upload/v1727602398/questions/p6co0jeuv3co90xhxqod.png','https://youtu.be/XocO86JXbvo?feature=shared'),(111,3,'https://res.cloudinary.com/dtpp4j1w9/image/upload/v1720462390/questions/evwtmaldoaz6nvlblhwy.png','MCQ','2024-07-08 18:13:10',1,'https://res.cloudinary.com/dtpp4j1w9/image/upload/v1727602431/questions/frdslhlb8fs7zwccc1g3.png','https://youtu.be/_oZQXQkUB_g?feature=shared'),(112,3,'https://res.cloudinary.com/dtpp4j1w9/image/upload/v1720462510/questions/kylpgfbeblif33rop3h0.png','MCQ','2024-07-08 18:15:10',1,'https://res.cloudinary.com/dtpp4j1w9/image/upload/v1727602465/questions/npu8opjf7fgw8ypwi5jh.png','https://youtube.com/playlist?list=PLC36xJgs4dxHYyeppopMuALQhKY0ADIHi&feature=shared'),(113,3,'https://res.cloudinary.com/dtpp4j1w9/image/upload/v1720462699/questions/b9w0dcfzrbf9hnxouhmk.png','MCQ','2024-07-08 18:18:18',1,'https://res.cloudinary.com/dtpp4j1w9/image/upload/v1727602496/questions/ynm8cp9a4z9hifunnn6e.png','https://youtu.be/GRQ_rqT1SSQ?feature=shared'),(114,3,'https://res.cloudinary.com/dtpp4j1w9/image/upload/v1720462788/questions/kluulkyrxq33hcktce9o.png','MCQ','2024-07-08 18:19:47',1,'https://res.cloudinary.com/dtpp4j1w9/image/upload/v1727602526/questions/csjh8j5umyofntstjnqx.png','https://youtube.com/playlist?list=PLC36xJgs4dxHw3WzIhInQzjJ8vE1fUhbs&feature=shared'),(115,3,'https://res.cloudinary.com/dtpp4j1w9/image/upload/v1720462924/questions/dvwzllayjuyqvjyqgy5e.png','MCQ','2024-07-08 18:22:05',1,'https://res.cloudinary.com/dtpp4j1w9/image/upload/v1727602557/questions/f4mibybluwejjdpcee7u.png','https://youtu.be/hi0JphiZzo0?feature=shared'),(116,3,'https://res.cloudinary.com/dtpp4j1w9/image/upload/v1720463058/questions/lnpyhvfygfrth79clmin.png','MCQ','2024-07-08 18:24:18',1,'https://res.cloudinary.com/dtpp4j1w9/image/upload/v1727602628/questions/cnwc1k824bkcknsqhjnf.png','https://youtube.com/playlist?list=PLC36xJgs4dxEYmhzVBW7nBdftFZ4xmiF1&feature=shared'),(117,3,'https://res.cloudinary.com/dtpp4j1w9/image/upload/v1720463149/questions/dpkc7vpf38igsyzsx8mb.png','MCQ','2024-07-08 18:25:49',1,'https://res.cloudinary.com/dtpp4j1w9/image/upload/v1727602658/questions/tmtfdhpxe9kt5cihikix.png','https://youtu.be/uyITvcUbK_s?feature=shared'),(118,3,'https://res.cloudinary.com/dtpp4j1w9/image/upload/v1720463292/questions/v4zd35jwvrh6bnjvrdj0.png','MCQ','2024-07-08 18:28:12',2,'https://res.cloudinary.com/dtpp4j1w9/image/upload/v1727602686/questions/z187f8pb2w7hl572zwxx.png','https://youtube.com/playlist?list=PLC36xJgs4dxHFsMk18FhkSJCYgIMLptHU&feature=shared'),(119,3,'https://res.cloudinary.com/dtpp4j1w9/image/upload/v1720463409/questions/dmacbmnlrqcozwcvqbbh.png','MCQ','2024-07-08 18:30:09',2,'https://res.cloudinary.com/dtpp4j1w9/image/upload/v1727602723/questions/zijhwfjxy4ysbhah08a3.png','https://youtube.com/playlist?list=PLC36xJgs4dxHYyeppopMuALQhKY0ADIHi&feature=shared'),(120,3,'https://res.cloudinary.com/dtpp4j1w9/image/upload/v1720463497/questions/q9hnwjeud4bdryirl9qf.png','MCQ','2024-07-08 18:31:37',2,'https://res.cloudinary.com/dtpp4j1w9/image/upload/v1727602756/questions/ahsmnevlwwnw4stzuzcv.png','https://youtu.be/eF54iOPa42M?feature=shared'),(121,3,'https://res.cloudinary.com/dtpp4j1w9/image/upload/v1720463552/questions/scd2tvesaofzftsyozzj.png','MCQ','2024-07-08 18:32:31',2,'https://res.cloudinary.com/dtpp4j1w9/image/upload/v1727602791/questions/hdisxrvtlg2ose2ccudz.png','https://youtube.com/playlist?list=PLG9aCp4uE-s3WzvFW1nI-7hHWNC8s2RdI&feature=shared'),(122,3,'https://res.cloudinary.com/dtpp4j1w9/image/upload/v1720463667/questions/blsg06zx6iplb5yo8ao0.png','MCQ','2024-07-08 18:34:27',2,'https://res.cloudinary.com/dtpp4j1w9/image/upload/v1727602830/questions/t3icafnpai2blaoummel.png','https://youtube.com/playlist?list=PLC36xJgs4dxEErKQZ7xFxat8oh4OepU34&feature=shared'),(123,3,'https://res.cloudinary.com/dtpp4j1w9/image/upload/v1720463731/questions/stjf50p9u8jrkpze7o1r.png','MCQ','2024-07-08 18:35:33',2,'https://res.cloudinary.com/dtpp4j1w9/image/upload/v1727602869/questions/fgby9m24grto5pzeo5k9.png','https://youtu.be/fXHQK0W3zwM?feature=shared'),(124,3,'https://res.cloudinary.com/dtpp4j1w9/image/upload/v1720463787/questions/ujtyybxennwrnxfoeaxx.png','MCQ','2024-07-08 18:36:29',2,'https://res.cloudinary.com/dtpp4j1w9/image/upload/v1727602900/questions/cq41dvsnzrr4emc34irf.png','https://youtu.be/28GWxhPg5do?feature=shared'),(125,3,'https://res.cloudinary.com/dtpp4j1w9/image/upload/v1720463837/questions/pwon43yldzkzfa6aawhf.png','MCQ','2024-07-08 18:37:17',2,'https://res.cloudinary.com/dtpp4j1w9/image/upload/v1727602933/questions/q3jdf0bosomkzaatk8d5.png','https://youtube.com/playlist?list=PLC36xJgs4dxG-IqARhc23jYTDMYt7yvZP&feature=shared'),(126,3,'https://res.cloudinary.com/dtpp4j1w9/image/upload/v1720463913/questions/ofv0pcczvrapciiuujlr.png','MCQ','2024-07-08 18:38:32',2,'https://res.cloudinary.com/dtpp4j1w9/image/upload/v1727602968/questions/ndw5mrhronfi7u14dbs6.png','https://youtube.com/playlist?list=PLC36xJgs4dxG-IqARhc23jYTDMYt7yvZP&feature=shared'),(127,3,'https://res.cloudinary.com/dtpp4j1w9/image/upload/v1720464016/questions/ii3vu8jie7sceubfta8i.png','MSQ','2024-07-08 18:40:18',2,'https://res.cloudinary.com/dtpp4j1w9/image/upload/v1727602995/questions/bs1jqnrbeijmxboitxm0.png','https://youtube.com/playlist?list=PLC36xJgs4dxEYmhzVBW7nBdftFZ4xmiF1&feature=shared'),(128,3,'https://res.cloudinary.com/dtpp4j1w9/image/upload/v1720464068/questions/vatszhglsj1ozeegi3cv.png','MSQ','2024-07-08 18:41:08',2,'https://res.cloudinary.com/dtpp4j1w9/image/upload/v1727603024/questions/liqtstadpktcvqi8btqe.png','https://youtu.be/M6eRmEbCaTA?feature=shared'),(129,3,'https://res.cloudinary.com/dtpp4j1w9/image/upload/v1720464129/questions/zm3smde7o4nahfw5xknu.png','MSQ','2024-07-08 18:42:09',2,'https://res.cloudinary.com/dtpp4j1w9/image/upload/v1727603071/questions/wlp7inser8fge0lczs9l.png','https://youtu.be/_aeS1sttaT8?feature=shared'),(130,3,'https://res.cloudinary.com/dtpp4j1w9/image/upload/v1720464211/questions/gw52i7mzk7eaylvy6t3d.png','MSQ','2024-07-08 18:43:30',2,'https://res.cloudinary.com/dtpp4j1w9/image/upload/v1727603116/questions/r60pabrbnhfpxfax98is.png','https://youtu.be/_aeS1sttaT8?feature=shared'),(131,3,'https://res.cloudinary.com/dtpp4j1w9/image/upload/v1720464254/questions/ne9dkd3vfhyecnr0mvqu.png','MSQ','2024-07-08 18:44:14',2,'https://res.cloudinary.com/dtpp4j1w9/image/upload/v1727603150/questions/sb8mtjz7t2bbvm788fhr.png','https://youtube.com/playlist?list=PLC36xJgs4dxHYyeppopMuALQhKY0ADIHi&feature=shared'),(132,3,'https://res.cloudinary.com/dtpp4j1w9/image/upload/v1720464296/questions/fy2oxjvhcoboovzfspc0.png','MSQ','2024-07-08 18:44:56',2,'https://res.cloudinary.com/dtpp4j1w9/image/upload/v1727603205/questions/pv30tsli5zr6ldnhkhei.png','https://youtube.com/playlist?list=PLC36xJgs4dxHYyeppopMuALQhKY0ADIHi&feature=shared'),(133,3,'https://res.cloudinary.com/dtpp4j1w9/image/upload/v1720464373/questions/ae1kxeo0tprtx9cbhbli.png','MSQ','2024-07-08 18:46:12',2,'https://res.cloudinary.com/dtpp4j1w9/image/upload/v1727603255/questions/bs4hwegu88gc8kxitwby.png','https://youtube.com/playlist?list=PLC36xJgs4dxHw3WzIhInQzjJ8vE1fUhbs&feature=shared'),(134,3,'https://res.cloudinary.com/dtpp4j1w9/image/upload/v1720464454/questions/rn6c2nji5k0a5gwfbddf.png','MSQ','2024-07-08 18:47:36',2,'https://res.cloudinary.com/dtpp4j1w9/image/upload/v1727603286/questions/eujdzdsyaj4wwfdxavdi.png','https://youtube.com/playlist?list=PLC36xJgs4dxEYmhzVBW7nBdftFZ4xmiF1&feature=shared'),(135,3,'https://res.cloudinary.com/dtpp4j1w9/image/upload/v1720464514/questions/rh6p69wwnqcbcloybs5n.png','MSQ','2024-07-08 18:48:34',2,'https://res.cloudinary.com/dtpp4j1w9/image/upload/v1727603319/questions/vgytohy44qukodw17iwc.png','https://youtube.com/playlist?list=PLC36xJgs4dxEYmhzVBW7nBdftFZ4xmiF1&feature=shared'),(136,3,'https://res.cloudinary.com/dtpp4j1w9/image/upload/v1720464574/questions/hrrynuc3hro0icuws9ck.png','MSQ','2024-07-08 18:49:34',2,'https://res.cloudinary.com/dtpp4j1w9/image/upload/v1727603348/questions/a3v0yajeawuzrskwvkqs.png','https://youtu.be/hi0JphiZzo0?feature=shared'),(137,3,'https://res.cloudinary.com/dtpp4j1w9/image/upload/v1720464694/questions/pecqystehmqxzqyqmqfn.png','MCQ','2024-07-08 18:51:34',2,'https://res.cloudinary.com/dtpp4j1w9/image/upload/v1727603379/questions/olrc9d39talapuvqtpfv.png','https://youtu.be/mtrFHPD2HGY?feature=shared'),(138,3,'https://res.cloudinary.com/dtpp4j1w9/image/upload/v1720464796/questions/n6c4zghjuvzv7ymoyovi.png','MCQ','2024-07-08 18:53:16',2,'https://res.cloudinary.com/dtpp4j1w9/image/upload/v1727603408/questions/hcmawdwenddzted839uz.png','https://www.youtube.com/live/06tA39WskWw?feature=shared'),(139,3,'https://res.cloudinary.com/dtpp4j1w9/image/upload/v1720464896/questions/efhak1r55hg6pptlzdm7.png','MCQ','2024-07-08 18:54:55',2,'https://res.cloudinary.com/dtpp4j1w9/image/upload/v1727603455/questions/ef1yz2b3cwt92vw41ufc.png','https://www.youtube.com/live/06tA39WskWw?feature=shared'),(140,3,'https://res.cloudinary.com/dtpp4j1w9/image/upload/v1720465100/questions/x28gps6nmrj5jiaqr4wf.png','MCQ','2024-07-08 18:58:20',2,'https://res.cloudinary.com/dtpp4j1w9/image/upload/v1727603484/questions/oqqkywcit02fw5x2tbkh.png','https://youtube.com/playlist?list=PLC36xJgs4dxHYyeppopMuALQhKY0ADIHi&feature=shared'),(141,3,'https://res.cloudinary.com/dtpp4j1w9/image/upload/v1720465203/questions/wvliqrb2obgkhddnf2dj.png','MCQ','2024-07-08 19:00:03',2,'https://res.cloudinary.com/dtpp4j1w9/image/upload/v1727603513/questions/j0paexmsbeonapq8acfg.png','https://youtube.com/playlist?list=PLC36xJgs4dxHT-TxTy3U1slr5RaBJGaLd&feature=shared'),(142,3,'https://res.cloudinary.com/dtpp4j1w9/image/upload/v1720465352/questions/mmg8okg3ouhicoxpip7g.png','MCQ','2024-07-08 19:02:34',2,'https://res.cloudinary.com/dtpp4j1w9/image/upload/v1727603550/questions/rbpey9uftqbqdptlkszu.png','https://youtube.com/playlist?list=PLC36xJgs4dxHT-TxTy3U1slr5RaBJGaLd&feature=shared'),(143,3,'https://res.cloudinary.com/dtpp4j1w9/image/upload/v1720465420/questions/ezh0hdxigivapsexpo87.png','MCQ','2024-07-08 19:03:41',2,'https://res.cloudinary.com/dtpp4j1w9/image/upload/v1727603577/questions/vgalucvflbd97uuycimz.png','https://www.youtube.com/live/pbg7rYbWU4w?feature=shared'),(144,3,'https://res.cloudinary.com/dtpp4j1w9/image/upload/v1720465520/questions/jxhavwmedocy4vurtr0c.png','MCQ','2024-07-08 19:05:20',2,'https://res.cloudinary.com/dtpp4j1w9/image/upload/v1727603608/questions/zkg6ltamprevs8kxkb9q.png','https://youtu.be/T6sex8GSR2c?feature=shared'),(145,3,'https://res.cloudinary.com/dtpp4j1w9/image/upload/v1720465628/questions/znj6c4jjecviaisvntze.png','MCQ','2024-07-08 19:07:08',2,'https://res.cloudinary.com/dtpp4j1w9/image/upload/v1727603635/questions/bd8smzxwqovslsouasz4.png','https://youtube.com/playlist?list=PLC36xJgs4dxEGlPPsvshTRh35Vv-Eg_4b&feature=shared'),(146,3,'https://res.cloudinary.com/dtpp4j1w9/image/upload/v1720465864/questions/pcevyqyp33nw9nt5vtyv.png','MCQ','2024-07-08 19:11:04',2,'https://res.cloudinary.com/dtpp4j1w9/image/upload/v1727603667/questions/fz8iakwlcn5kgc8avmdp.png','https://youtu.be/7xX08G96yJk?feature=shared'),(147,3,'https://res.cloudinary.com/dtpp4j1w9/image/upload/v1727604106/questions/scrnvgxmpqchktl1znvh.png','MCQ','2024-09-29 10:01:47',2,'https://res.cloudinary.com/dtpp4j1w9/image/upload/v1727604107/questions/tjyiqfnfdrlzjyxrpvth.png','https://youtu.be/_oZQXQkUB_g?feature=shared');
/*!40000 ALTER TABLE `questions` ENABLE KEYS */;
UNLOCK TABLES;

--
-- Table structure for table `responses`
--

DROP TABLE IF EXISTS `responses`;
/*!40101 SET @saved_cs_client     = @@character_set_client */;
/*!50503 SET character_set_client = utf8mb4 */;
CREATE TABLE `responses` (
  `id` int NOT NULL AUTO_INCREMENT,
  `attempt_id` int NOT NULL,
  `question_id` int NOT NULL,
  `option_id` int DEFAULT NULL,
  `numerical_response` decimal(10,2) DEFAULT NULL,
  `createdAt` datetime NOT NULL,
  `updatedAt` datetime NOT NULL,
  PRIMARY KEY (`id`),
  KEY `attempt_id` (`attempt_id`),
  KEY `question_id` (`question_id`),
  KEY `option_id` (`option_id`),
  CONSTRAINT `responses_ibfk_101` FOREIGN KEY (`attempt_id`) REFERENCES `testattempts` (`id`),
  CONSTRAINT `responses_ibfk_102` FOREIGN KEY (`question_id`) REFERENCES `questions` (`id`),
  CONSTRAINT `responses_ibfk_103` FOREIGN KEY (`option_id`) REFERENCES `options` (`id`),
  CONSTRAINT `responses_ibfk_105` FOREIGN KEY (`attempt_id`) REFERENCES `testattempts` (`id`),
  CONSTRAINT `responses_ibfk_106` FOREIGN KEY (`question_id`) REFERENCES `questions` (`id`),
  CONSTRAINT `responses_ibfk_107` FOREIGN KEY (`option_id`) REFERENCES `options` (`id`),
  CONSTRAINT `responses_ibfk_109` FOREIGN KEY (`attempt_id`) REFERENCES `testattempts` (`id`),
  CONSTRAINT `responses_ibfk_11` FOREIGN KEY (`question_id`) REFERENCES `questions` (`id`),
  CONSTRAINT `responses_ibfk_110` FOREIGN KEY (`question_id`) REFERENCES `questions` (`id`),
  CONSTRAINT `responses_ibfk_111` FOREIGN KEY (`option_id`) REFERENCES `options` (`id`),
  CONSTRAINT `responses_ibfk_113` FOREIGN KEY (`attempt_id`) REFERENCES `testattempts` (`id`),
  CONSTRAINT `responses_ibfk_114` FOREIGN KEY (`question_id`) REFERENCES `questions` (`id`),
  CONSTRAINT `responses_ibfk_115` FOREIGN KEY (`option_id`) REFERENCES `options` (`id`),
  CONSTRAINT `responses_ibfk_117` FOREIGN KEY (`attempt_id`) REFERENCES `testattempts` (`id`),
  CONSTRAINT `responses_ibfk_118` FOREIGN KEY (`question_id`) REFERENCES `questions` (`id`),
  CONSTRAINT `responses_ibfk_119` FOREIGN KEY (`option_id`) REFERENCES `options` (`id`),
  CONSTRAINT `responses_ibfk_12` FOREIGN KEY (`option_id`) REFERENCES `options` (`id`),
  CONSTRAINT `responses_ibfk_121` FOREIGN KEY (`attempt_id`) REFERENCES `testattempts` (`id`),
  CONSTRAINT `responses_ibfk_122` FOREIGN KEY (`question_id`) REFERENCES `questions` (`id`),
  CONSTRAINT `responses_ibfk_123` FOREIGN KEY (`option_id`) REFERENCES `options` (`id`),
  CONSTRAINT `responses_ibfk_125` FOREIGN KEY (`attempt_id`) REFERENCES `testattempts` (`id`),
  CONSTRAINT `responses_ibfk_126` FOREIGN KEY (`question_id`) REFERENCES `questions` (`id`),
  CONSTRAINT `responses_ibfk_127` FOREIGN KEY (`option_id`) REFERENCES `options` (`id`),
  CONSTRAINT `responses_ibfk_129` FOREIGN KEY (`attempt_id`) REFERENCES `testattempts` (`id`),
  CONSTRAINT `responses_ibfk_130` FOREIGN KEY (`question_id`) REFERENCES `questions` (`id`),
  CONSTRAINT `responses_ibfk_131` FOREIGN KEY (`option_id`) REFERENCES `options` (`id`),
  CONSTRAINT `responses_ibfk_133` FOREIGN KEY (`attempt_id`) REFERENCES `testattempts` (`id`),
  CONSTRAINT `responses_ibfk_134` FOREIGN KEY (`question_id`) REFERENCES `questions` (`id`),
  CONSTRAINT `responses_ibfk_135` FOREIGN KEY (`option_id`) REFERENCES `options` (`id`),
  CONSTRAINT `responses_ibfk_137` FOREIGN KEY (`attempt_id`) REFERENCES `testattempts` (`id`),
  CONSTRAINT `responses_ibfk_138` FOREIGN KEY (`question_id`) REFERENCES `questions` (`id`),
  CONSTRAINT `responses_ibfk_139` FOREIGN KEY (`option_id`) REFERENCES `options` (`id`),
  CONSTRAINT `responses_ibfk_14` FOREIGN KEY (`question_id`) REFERENCES `questions` (`id`),
  CONSTRAINT `responses_ibfk_141` FOREIGN KEY (`attempt_id`) REFERENCES `testattempts` (`id`),
  CONSTRAINT `responses_ibfk_142` FOREIGN KEY (`question_id`) REFERENCES `questions` (`id`),
  CONSTRAINT `responses_ibfk_143` FOREIGN KEY (`option_id`) REFERENCES `options` (`id`),
  CONSTRAINT `responses_ibfk_144` FOREIGN KEY (`attempt_id`) REFERENCES `testattempts` (`id`),
  CONSTRAINT `responses_ibfk_145` FOREIGN KEY (`question_id`) REFERENCES `questions` (`id`),
  CONSTRAINT `responses_ibfk_146` FOREIGN KEY (`option_id`) REFERENCES `options` (`id`),
  CONSTRAINT `responses_ibfk_148` FOREIGN KEY (`attempt_id`) REFERENCES `testattempts` (`id`),
  CONSTRAINT `responses_ibfk_149` FOREIGN KEY (`question_id`) REFERENCES `questions` (`id`),
  CONSTRAINT `responses_ibfk_15` FOREIGN KEY (`option_id`) REFERENCES `options` (`id`),
  CONSTRAINT `responses_ibfk_150` FOREIGN KEY (`option_id`) REFERENCES `options` (`id`),
  CONSTRAINT `responses_ibfk_152` FOREIGN KEY (`attempt_id`) REFERENCES `testattempts` (`id`),
  CONSTRAINT `responses_ibfk_153` FOREIGN KEY (`question_id`) REFERENCES `questions` (`id`),
  CONSTRAINT `responses_ibfk_154` FOREIGN KEY (`option_id`) REFERENCES `options` (`id`),
  CONSTRAINT `responses_ibfk_156` FOREIGN KEY (`attempt_id`) REFERENCES `testattempts` (`id`),
  CONSTRAINT `responses_ibfk_157` FOREIGN KEY (`question_id`) REFERENCES `questions` (`id`),
  CONSTRAINT `responses_ibfk_158` FOREIGN KEY (`option_id`) REFERENCES `options` (`id`),
  CONSTRAINT `responses_ibfk_160` FOREIGN KEY (`attempt_id`) REFERENCES `testattempts` (`id`),
  CONSTRAINT `responses_ibfk_161` FOREIGN KEY (`question_id`) REFERENCES `questions` (`id`),
  CONSTRAINT `responses_ibfk_162` FOREIGN KEY (`option_id`) REFERENCES `options` (`id`),
  CONSTRAINT `responses_ibfk_164` FOREIGN KEY (`attempt_id`) REFERENCES `testattempts` (`id`),
  CONSTRAINT `responses_ibfk_165` FOREIGN KEY (`question_id`) REFERENCES `questions` (`id`),
  CONSTRAINT `responses_ibfk_166` FOREIGN KEY (`option_id`) REFERENCES `options` (`id`),
  CONSTRAINT `responses_ibfk_168` FOREIGN KEY (`attempt_id`) REFERENCES `testattempts` (`id`),
  CONSTRAINT `responses_ibfk_169` FOREIGN KEY (`question_id`) REFERENCES `questions` (`id`),
  CONSTRAINT `responses_ibfk_17` FOREIGN KEY (`question_id`) REFERENCES `questions` (`id`),
  CONSTRAINT `responses_ibfk_170` FOREIGN KEY (`option_id`) REFERENCES `options` (`id`),
  CONSTRAINT `responses_ibfk_172` FOREIGN KEY (`attempt_id`) REFERENCES `testattempts` (`id`),
  CONSTRAINT `responses_ibfk_173` FOREIGN KEY (`question_id`) REFERENCES `questions` (`id`),
  CONSTRAINT `responses_ibfk_174` FOREIGN KEY (`option_id`) REFERENCES `options` (`id`),
  CONSTRAINT `responses_ibfk_176` FOREIGN KEY (`attempt_id`) REFERENCES `testattempts` (`id`),
  CONSTRAINT `responses_ibfk_177` FOREIGN KEY (`question_id`) REFERENCES `questions` (`id`),
  CONSTRAINT `responses_ibfk_178` FOREIGN KEY (`option_id`) REFERENCES `options` (`id`),
  CONSTRAINT `responses_ibfk_18` FOREIGN KEY (`option_id`) REFERENCES `options` (`id`),
  CONSTRAINT `responses_ibfk_180` FOREIGN KEY (`attempt_id`) REFERENCES `testattempts` (`id`),
  CONSTRAINT `responses_ibfk_181` FOREIGN KEY (`question_id`) REFERENCES `questions` (`id`),
  CONSTRAINT `responses_ibfk_182` FOREIGN KEY (`option_id`) REFERENCES `options` (`id`),
  CONSTRAINT `responses_ibfk_184` FOREIGN KEY (`attempt_id`) REFERENCES `testattempts` (`id`),
  CONSTRAINT `responses_ibfk_185` FOREIGN KEY (`question_id`) REFERENCES `questions` (`id`),
  CONSTRAINT `responses_ibfk_186` FOREIGN KEY (`option_id`) REFERENCES `options` (`id`),
  CONSTRAINT `responses_ibfk_188` FOREIGN KEY (`attempt_id`) REFERENCES `testattempts` (`id`),
  CONSTRAINT `responses_ibfk_189` FOREIGN KEY (`question_id`) REFERENCES `questions` (`id`),
  CONSTRAINT `responses_ibfk_190` FOREIGN KEY (`option_id`) REFERENCES `options` (`id`),
  CONSTRAINT `responses_ibfk_192` FOREIGN KEY (`attempt_id`) REFERENCES `testattempts` (`id`),
  CONSTRAINT `responses_ibfk_193` FOREIGN KEY (`question_id`) REFERENCES `questions` (`id`),
  CONSTRAINT `responses_ibfk_194` FOREIGN KEY (`option_id`) REFERENCES `options` (`id`),
  CONSTRAINT `responses_ibfk_196` FOREIGN KEY (`attempt_id`) REFERENCES `testattempts` (`id`),
  CONSTRAINT `responses_ibfk_197` FOREIGN KEY (`question_id`) REFERENCES `questions` (`id`),
  CONSTRAINT `responses_ibfk_198` FOREIGN KEY (`option_id`) REFERENCES `options` (`id`),
  CONSTRAINT `responses_ibfk_2` FOREIGN KEY (`question_id`) REFERENCES `questions` (`id`),
  CONSTRAINT `responses_ibfk_20` FOREIGN KEY (`question_id`) REFERENCES `questions` (`id`),
  CONSTRAINT `responses_ibfk_200` FOREIGN KEY (`attempt_id`) REFERENCES `testattempts` (`id`),
  CONSTRAINT `responses_ibfk_201` FOREIGN KEY (`question_id`) REFERENCES `questions` (`id`),
  CONSTRAINT `responses_ibfk_202` FOREIGN KEY (`option_id`) REFERENCES `options` (`id`),
  CONSTRAINT `responses_ibfk_204` FOREIGN KEY (`attempt_id`) REFERENCES `testattempts` (`id`),
  CONSTRAINT `responses_ibfk_205` FOREIGN KEY (`question_id`) REFERENCES `questions` (`id`),
  CONSTRAINT `responses_ibfk_206` FOREIGN KEY (`option_id`) REFERENCES `options` (`id`),
  CONSTRAINT `responses_ibfk_208` FOREIGN KEY (`attempt_id`) REFERENCES `testattempts` (`id`) ON DELETE CASCADE ON UPDATE CASCADE,
  CONSTRAINT `responses_ibfk_209` FOREIGN KEY (`question_id`) REFERENCES `questions` (`id`),
  CONSTRAINT `responses_ibfk_21` FOREIGN KEY (`option_id`) REFERENCES `options` (`id`),
  CONSTRAINT `responses_ibfk_210` FOREIGN KEY (`option_id`) REFERENCES `options` (`id`) ON DELETE CASCADE ON UPDATE CASCADE,
  CONSTRAINT `responses_ibfk_211` FOREIGN KEY (`attempt_id`) REFERENCES `testattempts` (`id`) ON DELETE CASCADE ON UPDATE CASCADE,
  CONSTRAINT `responses_ibfk_212` FOREIGN KEY (`question_id`) REFERENCES `questions` (`id`),
  CONSTRAINT `responses_ibfk_213` FOREIGN KEY (`option_id`) REFERENCES `options` (`id`) ON DELETE CASCADE ON UPDATE CASCADE,
  CONSTRAINT `responses_ibfk_214` FOREIGN KEY (`attempt_id`) REFERENCES `testattempts` (`id`) ON DELETE CASCADE ON UPDATE CASCADE,
  CONSTRAINT `responses_ibfk_215` FOREIGN KEY (`question_id`) REFERENCES `questions` (`id`),
  CONSTRAINT `responses_ibfk_216` FOREIGN KEY (`option_id`) REFERENCES `options` (`id`) ON DELETE CASCADE ON UPDATE CASCADE,
  CONSTRAINT `responses_ibfk_217` FOREIGN KEY (`attempt_id`) REFERENCES `testattempts` (`id`) ON DELETE CASCADE ON UPDATE CASCADE,
  CONSTRAINT `responses_ibfk_218` FOREIGN KEY (`question_id`) REFERENCES `questions` (`id`) ON UPDATE CASCADE,
  CONSTRAINT `responses_ibfk_219` FOREIGN KEY (`option_id`) REFERENCES `options` (`id`) ON DELETE CASCADE ON UPDATE CASCADE,
  CONSTRAINT `responses_ibfk_220` FOREIGN KEY (`attempt_id`) REFERENCES `testattempts` (`id`) ON DELETE CASCADE ON UPDATE CASCADE,
  CONSTRAINT `responses_ibfk_221` FOREIGN KEY (`question_id`) REFERENCES `questions` (`id`) ON UPDATE CASCADE,
  CONSTRAINT `responses_ibfk_222` FOREIGN KEY (`option_id`) REFERENCES `options` (`id`) ON DELETE CASCADE ON UPDATE CASCADE,
  CONSTRAINT `responses_ibfk_223` FOREIGN KEY (`attempt_id`) REFERENCES `testattempts` (`id`) ON DELETE CASCADE ON UPDATE CASCADE,
  CONSTRAINT `responses_ibfk_224` FOREIGN KEY (`question_id`) REFERENCES `questions` (`id`) ON UPDATE CASCADE,
  CONSTRAINT `responses_ibfk_225` FOREIGN KEY (`option_id`) REFERENCES `options` (`id`) ON DELETE CASCADE ON UPDATE CASCADE,
  CONSTRAINT `responses_ibfk_226` FOREIGN KEY (`attempt_id`) REFERENCES `testattempts` (`id`) ON DELETE CASCADE ON UPDATE CASCADE,
  CONSTRAINT `responses_ibfk_227` FOREIGN KEY (`question_id`) REFERENCES `questions` (`id`) ON UPDATE CASCADE,
  CONSTRAINT `responses_ibfk_228` FOREIGN KEY (`option_id`) REFERENCES `options` (`id`),
  CONSTRAINT `responses_ibfk_229` FOREIGN KEY (`attempt_id`) REFERENCES `testattempts` (`id`) ON DELETE CASCADE ON UPDATE CASCADE,
  CONSTRAINT `responses_ibfk_23` FOREIGN KEY (`question_id`) REFERENCES `questions` (`id`),
  CONSTRAINT `responses_ibfk_230` FOREIGN KEY (`question_id`) REFERENCES `questions` (`id`) ON UPDATE CASCADE,
  CONSTRAINT `responses_ibfk_231` FOREIGN KEY (`option_id`) REFERENCES `options` (`id`) ON UPDATE CASCADE,
  CONSTRAINT `responses_ibfk_232` FOREIGN KEY (`attempt_id`) REFERENCES `testattempts` (`id`) ON DELETE CASCADE ON UPDATE CASCADE,
  CONSTRAINT `responses_ibfk_233` FOREIGN KEY (`question_id`) REFERENCES `questions` (`id`) ON UPDATE CASCADE,
  CONSTRAINT `responses_ibfk_234` FOREIGN KEY (`option_id`) REFERENCES `options` (`id`) ON DELETE CASCADE ON UPDATE CASCADE,
  CONSTRAINT `responses_ibfk_235` FOREIGN KEY (`attempt_id`) REFERENCES `testattempts` (`id`) ON DELETE CASCADE ON UPDATE CASCADE,
  CONSTRAINT `responses_ibfk_236` FOREIGN KEY (`question_id`) REFERENCES `questions` (`id`) ON UPDATE CASCADE,
  CONSTRAINT `responses_ibfk_237` FOREIGN KEY (`option_id`) REFERENCES `options` (`id`) ON UPDATE CASCADE,
  CONSTRAINT `responses_ibfk_238` FOREIGN KEY (`attempt_id`) REFERENCES `testattempts` (`id`) ON DELETE CASCADE ON UPDATE CASCADE,
  CONSTRAINT `responses_ibfk_239` FOREIGN KEY (`question_id`) REFERENCES `questions` (`id`) ON UPDATE CASCADE,
  CONSTRAINT `responses_ibfk_24` FOREIGN KEY (`option_id`) REFERENCES `options` (`id`),
  CONSTRAINT `responses_ibfk_240` FOREIGN KEY (`option_id`) REFERENCES `options` (`id`) ON UPDATE CASCADE,
  CONSTRAINT `responses_ibfk_241` FOREIGN KEY (`attempt_id`) REFERENCES `testattempts` (`id`) ON DELETE CASCADE ON UPDATE CASCADE,
  CONSTRAINT `responses_ibfk_242` FOREIGN KEY (`question_id`) REFERENCES `questions` (`id`) ON UPDATE CASCADE,
  CONSTRAINT `responses_ibfk_243` FOREIGN KEY (`option_id`) REFERENCES `options` (`id`) ON UPDATE CASCADE,
  CONSTRAINT `responses_ibfk_244` FOREIGN KEY (`attempt_id`) REFERENCES `testattempts` (`id`) ON DELETE CASCADE ON UPDATE CASCADE,
  CONSTRAINT `responses_ibfk_245` FOREIGN KEY (`question_id`) REFERENCES `questions` (`id`) ON UPDATE CASCADE,
  CONSTRAINT `responses_ibfk_246` FOREIGN KEY (`option_id`) REFERENCES `options` (`id`) ON UPDATE CASCADE,
  CONSTRAINT `responses_ibfk_247` FOREIGN KEY (`attempt_id`) REFERENCES `testattempts` (`id`) ON DELETE CASCADE ON UPDATE CASCADE,
  CONSTRAINT `responses_ibfk_248` FOREIGN KEY (`question_id`) REFERENCES `questions` (`id`) ON UPDATE CASCADE,
  CONSTRAINT `responses_ibfk_249` FOREIGN KEY (`option_id`) REFERENCES `options` (`id`) ON UPDATE CASCADE,
  CONSTRAINT `responses_ibfk_250` FOREIGN KEY (`attempt_id`) REFERENCES `testattempts` (`id`) ON DELETE CASCADE ON UPDATE CASCADE,
  CONSTRAINT `responses_ibfk_251` FOREIGN KEY (`question_id`) REFERENCES `questions` (`id`) ON UPDATE CASCADE,
  CONSTRAINT `responses_ibfk_252` FOREIGN KEY (`option_id`) REFERENCES `options` (`id`) ON UPDATE CASCADE,
  CONSTRAINT `responses_ibfk_253` FOREIGN KEY (`attempt_id`) REFERENCES `testattempts` (`id`) ON DELETE CASCADE ON UPDATE CASCADE,
  CONSTRAINT `responses_ibfk_254` FOREIGN KEY (`question_id`) REFERENCES `questions` (`id`) ON UPDATE CASCADE,
  CONSTRAINT `responses_ibfk_255` FOREIGN KEY (`option_id`) REFERENCES `options` (`id`) ON UPDATE CASCADE,
  CONSTRAINT `responses_ibfk_256` FOREIGN KEY (`attempt_id`) REFERENCES `testattempts` (`id`) ON DELETE CASCADE ON UPDATE CASCADE,
  CONSTRAINT `responses_ibfk_257` FOREIGN KEY (`question_id`) REFERENCES `questions` (`id`) ON UPDATE CASCADE,
  CONSTRAINT `responses_ibfk_258` FOREIGN KEY (`option_id`) REFERENCES `options` (`id`) ON DELETE CASCADE ON UPDATE CASCADE,
  CONSTRAINT `responses_ibfk_259` FOREIGN KEY (`attempt_id`) REFERENCES `testattempts` (`id`) ON DELETE CASCADE ON UPDATE CASCADE,
  CONSTRAINT `responses_ibfk_26` FOREIGN KEY (`question_id`) REFERENCES `questions` (`id`),
  CONSTRAINT `responses_ibfk_260` FOREIGN KEY (`question_id`) REFERENCES `questions` (`id`) ON UPDATE CASCADE,
  CONSTRAINT `responses_ibfk_261` FOREIGN KEY (`option_id`) REFERENCES `options` (`id`) ON UPDATE CASCADE,
  CONSTRAINT `responses_ibfk_262` FOREIGN KEY (`attempt_id`) REFERENCES `testattempts` (`id`) ON DELETE CASCADE ON UPDATE CASCADE,
  CONSTRAINT `responses_ibfk_263` FOREIGN KEY (`question_id`) REFERENCES `questions` (`id`) ON UPDATE CASCADE,
  CONSTRAINT `responses_ibfk_264` FOREIGN KEY (`option_id`) REFERENCES `options` (`id`) ON UPDATE CASCADE,
  CONSTRAINT `responses_ibfk_265` FOREIGN KEY (`attempt_id`) REFERENCES `testattempts` (`id`) ON DELETE CASCADE ON UPDATE CASCADE,
  CONSTRAINT `responses_ibfk_266` FOREIGN KEY (`question_id`) REFERENCES `questions` (`id`) ON UPDATE CASCADE,
  CONSTRAINT `responses_ibfk_267` FOREIGN KEY (`option_id`) REFERENCES `options` (`id`) ON UPDATE CASCADE,
  CONSTRAINT `responses_ibfk_268` FOREIGN KEY (`attempt_id`) REFERENCES `testattempts` (`id`) ON DELETE CASCADE ON UPDATE CASCADE,
  CONSTRAINT `responses_ibfk_269` FOREIGN KEY (`question_id`) REFERENCES `questions` (`id`) ON UPDATE CASCADE,
  CONSTRAINT `responses_ibfk_27` FOREIGN KEY (`option_id`) REFERENCES `options` (`id`),
  CONSTRAINT `responses_ibfk_270` FOREIGN KEY (`option_id`) REFERENCES `options` (`id`) ON UPDATE CASCADE,
  CONSTRAINT `responses_ibfk_271` FOREIGN KEY (`attempt_id`) REFERENCES `testattempts` (`id`) ON DELETE CASCADE ON UPDATE CASCADE,
  CONSTRAINT `responses_ibfk_272` FOREIGN KEY (`question_id`) REFERENCES `questions` (`id`) ON UPDATE CASCADE,
  CONSTRAINT `responses_ibfk_273` FOREIGN KEY (`option_id`) REFERENCES `options` (`id`) ON UPDATE CASCADE,
  CONSTRAINT `responses_ibfk_29` FOREIGN KEY (`question_id`) REFERENCES `questions` (`id`),
  CONSTRAINT `responses_ibfk_3` FOREIGN KEY (`option_id`) REFERENCES `options` (`id`),
  CONSTRAINT `responses_ibfk_30` FOREIGN KEY (`option_id`) REFERENCES `options` (`id`),
  CONSTRAINT `responses_ibfk_32` FOREIGN KEY (`question_id`) REFERENCES `questions` (`id`),
  CONSTRAINT `responses_ibfk_33` FOREIGN KEY (`option_id`) REFERENCES `options` (`id`),
  CONSTRAINT `responses_ibfk_35` FOREIGN KEY (`question_id`) REFERENCES `questions` (`id`),
  CONSTRAINT `responses_ibfk_36` FOREIGN KEY (`option_id`) REFERENCES `options` (`id`),
  CONSTRAINT `responses_ibfk_38` FOREIGN KEY (`question_id`) REFERENCES `questions` (`id`),
  CONSTRAINT `responses_ibfk_39` FOREIGN KEY (`option_id`) REFERENCES `options` (`id`),
  CONSTRAINT `responses_ibfk_42` FOREIGN KEY (`question_id`) REFERENCES `questions` (`id`),
  CONSTRAINT `responses_ibfk_43` FOREIGN KEY (`option_id`) REFERENCES `options` (`id`),
  CONSTRAINT `responses_ibfk_46` FOREIGN KEY (`question_id`) REFERENCES `questions` (`id`),
  CONSTRAINT `responses_ibfk_47` FOREIGN KEY (`option_id`) REFERENCES `options` (`id`),
  CONSTRAINT `responses_ibfk_5` FOREIGN KEY (`question_id`) REFERENCES `questions` (`id`),
  CONSTRAINT `responses_ibfk_50` FOREIGN KEY (`question_id`) REFERENCES `questions` (`id`),
  CONSTRAINT `responses_ibfk_51` FOREIGN KEY (`option_id`) REFERENCES `options` (`id`),
  CONSTRAINT `responses_ibfk_54` FOREIGN KEY (`question_id`) REFERENCES `questions` (`id`),
  CONSTRAINT `responses_ibfk_55` FOREIGN KEY (`option_id`) REFERENCES `options` (`id`),
  CONSTRAINT `responses_ibfk_58` FOREIGN KEY (`question_id`) REFERENCES `questions` (`id`),
  CONSTRAINT `responses_ibfk_59` FOREIGN KEY (`option_id`) REFERENCES `options` (`id`),
  CONSTRAINT `responses_ibfk_6` FOREIGN KEY (`option_id`) REFERENCES `options` (`id`),
  CONSTRAINT `responses_ibfk_62` FOREIGN KEY (`question_id`) REFERENCES `questions` (`id`),
  CONSTRAINT `responses_ibfk_63` FOREIGN KEY (`option_id`) REFERENCES `options` (`id`),
  CONSTRAINT `responses_ibfk_66` FOREIGN KEY (`question_id`) REFERENCES `questions` (`id`),
  CONSTRAINT `responses_ibfk_67` FOREIGN KEY (`option_id`) REFERENCES `options` (`id`),
  CONSTRAINT `responses_ibfk_70` FOREIGN KEY (`question_id`) REFERENCES `questions` (`id`),
  CONSTRAINT `responses_ibfk_71` FOREIGN KEY (`option_id`) REFERENCES `options` (`id`),
  CONSTRAINT `responses_ibfk_74` FOREIGN KEY (`question_id`) REFERENCES `questions` (`id`),
  CONSTRAINT `responses_ibfk_75` FOREIGN KEY (`option_id`) REFERENCES `options` (`id`),
  CONSTRAINT `responses_ibfk_78` FOREIGN KEY (`question_id`) REFERENCES `questions` (`id`),
  CONSTRAINT `responses_ibfk_79` FOREIGN KEY (`option_id`) REFERENCES `options` (`id`),
  CONSTRAINT `responses_ibfk_8` FOREIGN KEY (`question_id`) REFERENCES `questions` (`id`),
  CONSTRAINT `responses_ibfk_82` FOREIGN KEY (`question_id`) REFERENCES `questions` (`id`),
  CONSTRAINT `responses_ibfk_83` FOREIGN KEY (`option_id`) REFERENCES `options` (`id`),
  CONSTRAINT `responses_ibfk_86` FOREIGN KEY (`question_id`) REFERENCES `questions` (`id`),
  CONSTRAINT `responses_ibfk_87` FOREIGN KEY (`option_id`) REFERENCES `options` (`id`),
  CONSTRAINT `responses_ibfk_9` FOREIGN KEY (`option_id`) REFERENCES `options` (`id`),
  CONSTRAINT `responses_ibfk_90` FOREIGN KEY (`question_id`) REFERENCES `questions` (`id`),
  CONSTRAINT `responses_ibfk_91` FOREIGN KEY (`option_id`) REFERENCES `options` (`id`),
  CONSTRAINT `responses_ibfk_94` FOREIGN KEY (`question_id`) REFERENCES `questions` (`id`),
  CONSTRAINT `responses_ibfk_95` FOREIGN KEY (`option_id`) REFERENCES `options` (`id`),
  CONSTRAINT `responses_ibfk_97` FOREIGN KEY (`attempt_id`) REFERENCES `testattempts` (`id`),
  CONSTRAINT `responses_ibfk_98` FOREIGN KEY (`question_id`) REFERENCES `questions` (`id`),
  CONSTRAINT `responses_ibfk_99` FOREIGN KEY (`option_id`) REFERENCES `options` (`id`)
) ENGINE=InnoDB AUTO_INCREMENT=16 DEFAULT CHARSET=utf8mb4 COLLATE=utf8mb4_0900_ai_ci;
/*!40101 SET character_set_client = @saved_cs_client */;

--
-- Dumping data for table `responses`
--

LOCK TABLES `responses` WRITE;
/*!40000 ALTER TABLE `responses` DISABLE KEYS */;
INSERT INTO `responses` VALUES (6,15,83,156,NULL,'2024-07-11 10:58:47','2024-07-11 10:58:47'),(7,15,83,156,NULL,'2024-07-11 10:59:49','2024-07-11 10:59:49'),(8,15,88,176,NULL,'2024-07-11 11:00:14','2024-07-11 11:00:14'),(9,15,88,177,NULL,'2024-07-11 11:00:14','2024-07-11 11:00:14'),(10,16,83,156,NULL,'2024-09-28 08:06:21','2024-09-28 08:06:21'),(11,18,83,156,NULL,'2024-09-29 04:39:02','2024-09-29 04:39:02'),(12,19,83,156,NULL,'2024-09-29 05:22:33','2024-09-29 05:22:33'),(13,19,84,160,NULL,'2024-09-29 05:22:33','2024-09-29 05:22:33'),(14,20,83,156,NULL,'2024-09-29 06:40:19','2024-09-29 06:40:19'),(15,21,83,156,NULL,'2024-09-29 07:14:54','2024-09-29 07:14:54');
/*!40000 ALTER TABLE `responses` ENABLE KEYS */;
UNLOCK TABLES;

--
-- Table structure for table `results`
--

DROP TABLE IF EXISTS `results`;
/*!40101 SET @saved_cs_client     = @@character_set_client */;
/*!50503 SET character_set_client = utf8mb4 */;
CREATE TABLE `results` (
  `id` int NOT NULL AUTO_INCREMENT,
  `attempt_id` int NOT NULL,
  `score` decimal(10,2) DEFAULT NULL,
  `createdAt` datetime NOT NULL,
  `updatedAt` datetime NOT NULL,
  PRIMARY KEY (`id`),
  KEY `attempt_id` (`attempt_id`),
  CONSTRAINT `results_ibfk_1` FOREIGN KEY (`attempt_id`) REFERENCES `testattempts` (`id`),
  CONSTRAINT `results_ibfk_10` FOREIGN KEY (`attempt_id`) REFERENCES `testattempts` (`id`),
  CONSTRAINT `results_ibfk_11` FOREIGN KEY (`attempt_id`) REFERENCES `testattempts` (`id`),
  CONSTRAINT `results_ibfk_12` FOREIGN KEY (`attempt_id`) REFERENCES `testattempts` (`id`),
  CONSTRAINT `results_ibfk_13` FOREIGN KEY (`attempt_id`) REFERENCES `testattempts` (`id`),
  CONSTRAINT `results_ibfk_14` FOREIGN KEY (`attempt_id`) REFERENCES `testattempts` (`id`),
  CONSTRAINT `results_ibfk_15` FOREIGN KEY (`attempt_id`) REFERENCES `testattempts` (`id`),
  CONSTRAINT `results_ibfk_16` FOREIGN KEY (`attempt_id`) REFERENCES `testattempts` (`id`),
  CONSTRAINT `results_ibfk_17` FOREIGN KEY (`attempt_id`) REFERENCES `testattempts` (`id`),
  CONSTRAINT `results_ibfk_18` FOREIGN KEY (`attempt_id`) REFERENCES `testattempts` (`id`),
  CONSTRAINT `results_ibfk_19` FOREIGN KEY (`attempt_id`) REFERENCES `testattempts` (`id`),
  CONSTRAINT `results_ibfk_2` FOREIGN KEY (`attempt_id`) REFERENCES `testattempts` (`id`),
  CONSTRAINT `results_ibfk_20` FOREIGN KEY (`attempt_id`) REFERENCES `testattempts` (`id`),
  CONSTRAINT `results_ibfk_21` FOREIGN KEY (`attempt_id`) REFERENCES `testattempts` (`id`),
  CONSTRAINT `results_ibfk_22` FOREIGN KEY (`attempt_id`) REFERENCES `testattempts` (`id`),
  CONSTRAINT `results_ibfk_23` FOREIGN KEY (`attempt_id`) REFERENCES `testattempts` (`id`),
  CONSTRAINT `results_ibfk_24` FOREIGN KEY (`attempt_id`) REFERENCES `testattempts` (`id`),
  CONSTRAINT `results_ibfk_25` FOREIGN KEY (`attempt_id`) REFERENCES `testattempts` (`id`),
  CONSTRAINT `results_ibfk_26` FOREIGN KEY (`attempt_id`) REFERENCES `testattempts` (`id`),
  CONSTRAINT `results_ibfk_27` FOREIGN KEY (`attempt_id`) REFERENCES `testattempts` (`id`),
  CONSTRAINT `results_ibfk_28` FOREIGN KEY (`attempt_id`) REFERENCES `testattempts` (`id`),
  CONSTRAINT `results_ibfk_29` FOREIGN KEY (`attempt_id`) REFERENCES `testattempts` (`id`),
  CONSTRAINT `results_ibfk_3` FOREIGN KEY (`attempt_id`) REFERENCES `testattempts` (`id`),
  CONSTRAINT `results_ibfk_30` FOREIGN KEY (`attempt_id`) REFERENCES `testattempts` (`id`),
  CONSTRAINT `results_ibfk_31` FOREIGN KEY (`attempt_id`) REFERENCES `testattempts` (`id`),
  CONSTRAINT `results_ibfk_32` FOREIGN KEY (`attempt_id`) REFERENCES `testattempts` (`id`),
  CONSTRAINT `results_ibfk_33` FOREIGN KEY (`attempt_id`) REFERENCES `testattempts` (`id`),
  CONSTRAINT `results_ibfk_34` FOREIGN KEY (`attempt_id`) REFERENCES `testattempts` (`id`),
  CONSTRAINT `results_ibfk_35` FOREIGN KEY (`attempt_id`) REFERENCES `testattempts` (`id`),
  CONSTRAINT `results_ibfk_36` FOREIGN KEY (`attempt_id`) REFERENCES `testattempts` (`id`),
  CONSTRAINT `results_ibfk_37` FOREIGN KEY (`attempt_id`) REFERENCES `testattempts` (`id`),
  CONSTRAINT `results_ibfk_38` FOREIGN KEY (`attempt_id`) REFERENCES `testattempts` (`id`),
  CONSTRAINT `results_ibfk_39` FOREIGN KEY (`attempt_id`) REFERENCES `testattempts` (`id`),
  CONSTRAINT `results_ibfk_4` FOREIGN KEY (`attempt_id`) REFERENCES `testattempts` (`id`),
  CONSTRAINT `results_ibfk_40` FOREIGN KEY (`attempt_id`) REFERENCES `testattempts` (`id`),
  CONSTRAINT `results_ibfk_41` FOREIGN KEY (`attempt_id`) REFERENCES `testattempts` (`id`),
  CONSTRAINT `results_ibfk_42` FOREIGN KEY (`attempt_id`) REFERENCES `testattempts` (`id`),
  CONSTRAINT `results_ibfk_43` FOREIGN KEY (`attempt_id`) REFERENCES `testattempts` (`id`),
  CONSTRAINT `results_ibfk_44` FOREIGN KEY (`attempt_id`) REFERENCES `testattempts` (`id`),
  CONSTRAINT `results_ibfk_45` FOREIGN KEY (`attempt_id`) REFERENCES `testattempts` (`id`),
  CONSTRAINT `results_ibfk_46` FOREIGN KEY (`attempt_id`) REFERENCES `testattempts` (`id`),
  CONSTRAINT `results_ibfk_47` FOREIGN KEY (`attempt_id`) REFERENCES `testattempts` (`id`),
  CONSTRAINT `results_ibfk_48` FOREIGN KEY (`attempt_id`) REFERENCES `testattempts` (`id`),
  CONSTRAINT `results_ibfk_49` FOREIGN KEY (`attempt_id`) REFERENCES `testattempts` (`id`),
  CONSTRAINT `results_ibfk_5` FOREIGN KEY (`attempt_id`) REFERENCES `testattempts` (`id`),
  CONSTRAINT `results_ibfk_50` FOREIGN KEY (`attempt_id`) REFERENCES `testattempts` (`id`),
  CONSTRAINT `results_ibfk_51` FOREIGN KEY (`attempt_id`) REFERENCES `testattempts` (`id`),
  CONSTRAINT `results_ibfk_52` FOREIGN KEY (`attempt_id`) REFERENCES `testattempts` (`id`),
  CONSTRAINT `results_ibfk_53` FOREIGN KEY (`attempt_id`) REFERENCES `testattempts` (`id`),
  CONSTRAINT `results_ibfk_54` FOREIGN KEY (`attempt_id`) REFERENCES `testattempts` (`id`),
  CONSTRAINT `results_ibfk_55` FOREIGN KEY (`attempt_id`) REFERENCES `testattempts` (`id`),
  CONSTRAINT `results_ibfk_56` FOREIGN KEY (`attempt_id`) REFERENCES `testattempts` (`id`),
  CONSTRAINT `results_ibfk_6` FOREIGN KEY (`attempt_id`) REFERENCES `testattempts` (`id`),
  CONSTRAINT `results_ibfk_7` FOREIGN KEY (`attempt_id`) REFERENCES `testattempts` (`id`),
  CONSTRAINT `results_ibfk_8` FOREIGN KEY (`attempt_id`) REFERENCES `testattempts` (`id`),
  CONSTRAINT `results_ibfk_9` FOREIGN KEY (`attempt_id`) REFERENCES `testattempts` (`id`)
) ENGINE=InnoDB AUTO_INCREMENT=11 DEFAULT CHARSET=utf8mb4 COLLATE=utf8mb4_0900_ai_ci;
/*!40101 SET character_set_client = @saved_cs_client */;

--
-- Dumping data for table `results`
--

LOCK TABLES `results` WRITE;
/*!40000 ALTER TABLE `results` DISABLE KEYS */;
INSERT INTO `results` VALUES (3,15,2.00,'2024-07-12 06:40:14','2024-07-12 06:40:14'),(4,16,0.00,'2024-09-28 08:06:21','2024-09-28 08:06:21'),(5,16,0.00,'2024-09-28 11:46:52','2024-09-28 11:46:52'),(6,18,0.00,'2024-09-29 04:39:02','2024-09-29 04:39:02'),(7,19,0.00,'2024-09-29 05:30:27','2024-09-29 05:30:27'),(8,20,0.00,'2024-09-29 06:41:48','2024-09-29 06:41:48'),(9,21,0.00,'2024-09-29 07:17:15','2024-09-29 07:17:15'),(10,21,0.00,'2024-09-29 07:17:17','2024-09-29 07:17:17');
/*!40000 ALTER TABLE `results` ENABLE KEYS */;
UNLOCK TABLES;

--
-- Table structure for table `test_attempts`
--

DROP TABLE IF EXISTS `test_attempts`;
/*!40101 SET @saved_cs_client     = @@character_set_client */;
/*!50503 SET character_set_client = utf8mb4 */;
CREATE TABLE `test_attempts` (
  `id` int NOT NULL AUTO_INCREMENT,
  `user_id` varchar(255) NOT NULL,
  `test_id` int NOT NULL,
  `started_at` timestamp NULL DEFAULT CURRENT_TIMESTAMP,
  `completed_at` timestamp NULL DEFAULT NULL,
  `duration` int DEFAULT NULL,
  PRIMARY KEY (`id`),
  KEY `user_id` (`user_id`),
  KEY `test_id` (`test_id`),
  CONSTRAINT `test_attempts_ibfk_1` FOREIGN KEY (`user_id`) REFERENCES `users` (`email`),
  CONSTRAINT `test_attempts_ibfk_2` FOREIGN KEY (`test_id`) REFERENCES `tests` (`id`)
) ENGINE=InnoDB DEFAULT CHARSET=utf8mb4 COLLATE=utf8mb4_0900_ai_ci;
/*!40101 SET character_set_client = @saved_cs_client */;

--
-- Dumping data for table `test_attempts`
--

LOCK TABLES `test_attempts` WRITE;
/*!40000 ALTER TABLE `test_attempts` DISABLE KEYS */;
/*!40000 ALTER TABLE `test_attempts` ENABLE KEYS */;
UNLOCK TABLES;

--
-- Table structure for table `testattempts`
--

DROP TABLE IF EXISTS `testattempts`;
/*!40101 SET @saved_cs_client     = @@character_set_client */;
/*!50503 SET character_set_client = utf8mb4 */;
CREATE TABLE `testattempts` (
  `id` int NOT NULL AUTO_INCREMENT,
  `user_id` varchar(255) NOT NULL,
  `test_id` int NOT NULL,
  `started_at` datetime DEFAULT NULL,
  `completed_at` datetime DEFAULT NULL,
  `duration` int DEFAULT NULL,
  PRIMARY KEY (`id`),
  KEY `user_id` (`user_id`),
  KEY `test_id` (`test_id`),
  CONSTRAINT `testattempts_ibfk_1` FOREIGN KEY (`user_id`) REFERENCES `users` (`email`),
  CONSTRAINT `testattempts_ibfk_10` FOREIGN KEY (`test_id`) REFERENCES `tests` (`id`),
  CONSTRAINT `testattempts_ibfk_100` FOREIGN KEY (`test_id`) REFERENCES `tests` (`id`),
  CONSTRAINT `testattempts_ibfk_101` FOREIGN KEY (`user_id`) REFERENCES `users` (`email`),
  CONSTRAINT `testattempts_ibfk_102` FOREIGN KEY (`test_id`) REFERENCES `tests` (`id`),
  CONSTRAINT `testattempts_ibfk_103` FOREIGN KEY (`user_id`) REFERENCES `users` (`email`),
  CONSTRAINT `testattempts_ibfk_104` FOREIGN KEY (`test_id`) REFERENCES `tests` (`id`),
  CONSTRAINT `testattempts_ibfk_105` FOREIGN KEY (`user_id`) REFERENCES `users` (`email`),
  CONSTRAINT `testattempts_ibfk_106` FOREIGN KEY (`test_id`) REFERENCES `tests` (`id`),
  CONSTRAINT `testattempts_ibfk_107` FOREIGN KEY (`user_id`) REFERENCES `users` (`email`),
  CONSTRAINT `testattempts_ibfk_108` FOREIGN KEY (`test_id`) REFERENCES `tests` (`id`),
  CONSTRAINT `testattempts_ibfk_109` FOREIGN KEY (`user_id`) REFERENCES `users` (`email`),
  CONSTRAINT `testattempts_ibfk_11` FOREIGN KEY (`user_id`) REFERENCES `users` (`email`),
  CONSTRAINT `testattempts_ibfk_110` FOREIGN KEY (`test_id`) REFERENCES `tests` (`id`),
  CONSTRAINT `testattempts_ibfk_111` FOREIGN KEY (`user_id`) REFERENCES `users` (`email`),
  CONSTRAINT `testattempts_ibfk_112` FOREIGN KEY (`test_id`) REFERENCES `tests` (`id`),
  CONSTRAINT `testattempts_ibfk_113` FOREIGN KEY (`user_id`) REFERENCES `users` (`email`),
  CONSTRAINT `testattempts_ibfk_114` FOREIGN KEY (`test_id`) REFERENCES `tests` (`id`),
  CONSTRAINT `testattempts_ibfk_115` FOREIGN KEY (`user_id`) REFERENCES `users` (`email`),
  CONSTRAINT `testattempts_ibfk_116` FOREIGN KEY (`test_id`) REFERENCES `tests` (`id`),
  CONSTRAINT `testattempts_ibfk_117` FOREIGN KEY (`user_id`) REFERENCES `users` (`email`),
  CONSTRAINT `testattempts_ibfk_118` FOREIGN KEY (`test_id`) REFERENCES `tests` (`id`),
  CONSTRAINT `testattempts_ibfk_119` FOREIGN KEY (`user_id`) REFERENCES `users` (`email`),
  CONSTRAINT `testattempts_ibfk_12` FOREIGN KEY (`test_id`) REFERENCES `tests` (`id`),
  CONSTRAINT `testattempts_ibfk_120` FOREIGN KEY (`test_id`) REFERENCES `tests` (`id`),
  CONSTRAINT `testattempts_ibfk_121` FOREIGN KEY (`user_id`) REFERENCES `users` (`email`),
  CONSTRAINT `testattempts_ibfk_122` FOREIGN KEY (`test_id`) REFERENCES `tests` (`id`),
  CONSTRAINT `testattempts_ibfk_123` FOREIGN KEY (`user_id`) REFERENCES `users` (`email`),
  CONSTRAINT `testattempts_ibfk_124` FOREIGN KEY (`test_id`) REFERENCES `tests` (`id`),
  CONSTRAINT `testattempts_ibfk_125` FOREIGN KEY (`user_id`) REFERENCES `users` (`email`),
  CONSTRAINT `testattempts_ibfk_126` FOREIGN KEY (`test_id`) REFERENCES `tests` (`id`),
  CONSTRAINT `testattempts_ibfk_127` FOREIGN KEY (`user_id`) REFERENCES `users` (`email`),
  CONSTRAINT `testattempts_ibfk_128` FOREIGN KEY (`test_id`) REFERENCES `tests` (`id`),
  CONSTRAINT `testattempts_ibfk_129` FOREIGN KEY (`user_id`) REFERENCES `users` (`email`),
  CONSTRAINT `testattempts_ibfk_13` FOREIGN KEY (`user_id`) REFERENCES `users` (`email`),
  CONSTRAINT `testattempts_ibfk_130` FOREIGN KEY (`test_id`) REFERENCES `tests` (`id`),
  CONSTRAINT `testattempts_ibfk_131` FOREIGN KEY (`user_id`) REFERENCES `users` (`email`) ON DELETE CASCADE ON UPDATE CASCADE,
  CONSTRAINT `testattempts_ibfk_132` FOREIGN KEY (`test_id`) REFERENCES `tests` (`id`) ON DELETE CASCADE ON UPDATE CASCADE,
  CONSTRAINT `testattempts_ibfk_133` FOREIGN KEY (`user_id`) REFERENCES `users` (`email`) ON DELETE CASCADE ON UPDATE CASCADE,
  CONSTRAINT `testattempts_ibfk_134` FOREIGN KEY (`test_id`) REFERENCES `tests` (`id`) ON DELETE CASCADE ON UPDATE CASCADE,
  CONSTRAINT `testattempts_ibfk_135` FOREIGN KEY (`user_id`) REFERENCES `users` (`email`) ON DELETE CASCADE ON UPDATE CASCADE,
  CONSTRAINT `testattempts_ibfk_136` FOREIGN KEY (`test_id`) REFERENCES `tests` (`id`) ON DELETE CASCADE ON UPDATE CASCADE,
  CONSTRAINT `testattempts_ibfk_137` FOREIGN KEY (`user_id`) REFERENCES `users` (`email`),
  CONSTRAINT `testattempts_ibfk_138` FOREIGN KEY (`test_id`) REFERENCES `tests` (`id`),
  CONSTRAINT `testattempts_ibfk_139` FOREIGN KEY (`user_id`) REFERENCES `users` (`email`) ON DELETE CASCADE ON UPDATE CASCADE,
  CONSTRAINT `testattempts_ibfk_14` FOREIGN KEY (`test_id`) REFERENCES `tests` (`id`),
  CONSTRAINT `testattempts_ibfk_140` FOREIGN KEY (`test_id`) REFERENCES `tests` (`id`) ON DELETE CASCADE ON UPDATE CASCADE,
  CONSTRAINT `testattempts_ibfk_141` FOREIGN KEY (`user_id`) REFERENCES `users` (`email`) ON DELETE CASCADE ON UPDATE CASCADE,
  CONSTRAINT `testattempts_ibfk_142` FOREIGN KEY (`test_id`) REFERENCES `tests` (`id`) ON DELETE CASCADE ON UPDATE CASCADE,
  CONSTRAINT `testattempts_ibfk_143` FOREIGN KEY (`user_id`) REFERENCES `users` (`email`) ON DELETE CASCADE ON UPDATE CASCADE,
  CONSTRAINT `testattempts_ibfk_144` FOREIGN KEY (`test_id`) REFERENCES `tests` (`id`) ON DELETE CASCADE ON UPDATE CASCADE,
  CONSTRAINT `testattempts_ibfk_145` FOREIGN KEY (`user_id`) REFERENCES `users` (`email`) ON DELETE CASCADE ON UPDATE CASCADE,
  CONSTRAINT `testattempts_ibfk_146` FOREIGN KEY (`test_id`) REFERENCES `tests` (`id`) ON DELETE CASCADE ON UPDATE CASCADE,
  CONSTRAINT `testattempts_ibfk_147` FOREIGN KEY (`user_id`) REFERENCES `users` (`email`) ON DELETE CASCADE ON UPDATE CASCADE,
  CONSTRAINT `testattempts_ibfk_148` FOREIGN KEY (`test_id`) REFERENCES `tests` (`id`) ON DELETE CASCADE ON UPDATE CASCADE,
  CONSTRAINT `testattempts_ibfk_149` FOREIGN KEY (`user_id`) REFERENCES `users` (`email`) ON DELETE CASCADE ON UPDATE CASCADE,
  CONSTRAINT `testattempts_ibfk_15` FOREIGN KEY (`user_id`) REFERENCES `users` (`email`),
  CONSTRAINT `testattempts_ibfk_150` FOREIGN KEY (`test_id`) REFERENCES `tests` (`id`) ON DELETE CASCADE ON UPDATE CASCADE,
  CONSTRAINT `testattempts_ibfk_151` FOREIGN KEY (`user_id`) REFERENCES `users` (`email`) ON DELETE CASCADE ON UPDATE CASCADE,
  CONSTRAINT `testattempts_ibfk_152` FOREIGN KEY (`test_id`) REFERENCES `tests` (`id`) ON UPDATE CASCADE,
  CONSTRAINT `testattempts_ibfk_153` FOREIGN KEY (`user_id`) REFERENCES `users` (`email`) ON DELETE CASCADE ON UPDATE CASCADE,
  CONSTRAINT `testattempts_ibfk_154` FOREIGN KEY (`test_id`) REFERENCES `tests` (`id`) ON UPDATE CASCADE,
  CONSTRAINT `testattempts_ibfk_155` FOREIGN KEY (`user_id`) REFERENCES `users` (`email`) ON DELETE CASCADE ON UPDATE CASCADE,
  CONSTRAINT `testattempts_ibfk_156` FOREIGN KEY (`test_id`) REFERENCES `tests` (`id`) ON UPDATE CASCADE,
  CONSTRAINT `testattempts_ibfk_157` FOREIGN KEY (`user_id`) REFERENCES `users` (`email`) ON DELETE CASCADE ON UPDATE CASCADE,
  CONSTRAINT `testattempts_ibfk_158` FOREIGN KEY (`test_id`) REFERENCES `tests` (`id`) ON DELETE CASCADE ON UPDATE CASCADE,
  CONSTRAINT `testattempts_ibfk_159` FOREIGN KEY (`user_id`) REFERENCES `users` (`email`) ON DELETE CASCADE ON UPDATE CASCADE,
  CONSTRAINT `testattempts_ibfk_16` FOREIGN KEY (`test_id`) REFERENCES `tests` (`id`),
  CONSTRAINT `testattempts_ibfk_160` FOREIGN KEY (`test_id`) REFERENCES `tests` (`id`) ON DELETE CASCADE ON UPDATE CASCADE,
  CONSTRAINT `testattempts_ibfk_161` FOREIGN KEY (`user_id`) REFERENCES `users` (`email`) ON DELETE CASCADE ON UPDATE CASCADE,
  CONSTRAINT `testattempts_ibfk_162` FOREIGN KEY (`test_id`) REFERENCES `tests` (`id`) ON DELETE CASCADE ON UPDATE CASCADE,
  CONSTRAINT `testattempts_ibfk_163` FOREIGN KEY (`user_id`) REFERENCES `users` (`email`) ON DELETE CASCADE ON UPDATE CASCADE,
  CONSTRAINT `testattempts_ibfk_164` FOREIGN KEY (`test_id`) REFERENCES `tests` (`id`) ON DELETE CASCADE ON UPDATE CASCADE,
  CONSTRAINT `testattempts_ibfk_165` FOREIGN KEY (`user_id`) REFERENCES `users` (`email`) ON DELETE CASCADE ON UPDATE CASCADE,
  CONSTRAINT `testattempts_ibfk_166` FOREIGN KEY (`test_id`) REFERENCES `tests` (`id`) ON DELETE CASCADE ON UPDATE CASCADE,
  CONSTRAINT `testattempts_ibfk_17` FOREIGN KEY (`user_id`) REFERENCES `users` (`email`),
  CONSTRAINT `testattempts_ibfk_18` FOREIGN KEY (`test_id`) REFERENCES `tests` (`id`),
  CONSTRAINT `testattempts_ibfk_19` FOREIGN KEY (`user_id`) REFERENCES `users` (`email`),
  CONSTRAINT `testattempts_ibfk_2` FOREIGN KEY (`test_id`) REFERENCES `tests` (`id`),
  CONSTRAINT `testattempts_ibfk_20` FOREIGN KEY (`test_id`) REFERENCES `tests` (`id`),
  CONSTRAINT `testattempts_ibfk_21` FOREIGN KEY (`user_id`) REFERENCES `users` (`email`),
  CONSTRAINT `testattempts_ibfk_22` FOREIGN KEY (`test_id`) REFERENCES `tests` (`id`),
  CONSTRAINT `testattempts_ibfk_23` FOREIGN KEY (`user_id`) REFERENCES `users` (`email`),
  CONSTRAINT `testattempts_ibfk_24` FOREIGN KEY (`test_id`) REFERENCES `tests` (`id`),
  CONSTRAINT `testattempts_ibfk_25` FOREIGN KEY (`user_id`) REFERENCES `users` (`email`),
  CONSTRAINT `testattempts_ibfk_26` FOREIGN KEY (`test_id`) REFERENCES `tests` (`id`),
  CONSTRAINT `testattempts_ibfk_27` FOREIGN KEY (`user_id`) REFERENCES `users` (`email`),
  CONSTRAINT `testattempts_ibfk_28` FOREIGN KEY (`test_id`) REFERENCES `tests` (`id`),
  CONSTRAINT `testattempts_ibfk_29` FOREIGN KEY (`user_id`) REFERENCES `users` (`email`),
  CONSTRAINT `testattempts_ibfk_3` FOREIGN KEY (`user_id`) REFERENCES `users` (`email`),
  CONSTRAINT `testattempts_ibfk_30` FOREIGN KEY (`test_id`) REFERENCES `tests` (`id`),
  CONSTRAINT `testattempts_ibfk_31` FOREIGN KEY (`user_id`) REFERENCES `users` (`email`),
  CONSTRAINT `testattempts_ibfk_32` FOREIGN KEY (`test_id`) REFERENCES `tests` (`id`),
  CONSTRAINT `testattempts_ibfk_33` FOREIGN KEY (`user_id`) REFERENCES `users` (`email`),
  CONSTRAINT `testattempts_ibfk_34` FOREIGN KEY (`test_id`) REFERENCES `tests` (`id`),
  CONSTRAINT `testattempts_ibfk_35` FOREIGN KEY (`user_id`) REFERENCES `users` (`email`),
  CONSTRAINT `testattempts_ibfk_36` FOREIGN KEY (`test_id`) REFERENCES `tests` (`id`),
  CONSTRAINT `testattempts_ibfk_37` FOREIGN KEY (`user_id`) REFERENCES `users` (`email`),
  CONSTRAINT `testattempts_ibfk_38` FOREIGN KEY (`test_id`) REFERENCES `tests` (`id`),
  CONSTRAINT `testattempts_ibfk_39` FOREIGN KEY (`user_id`) REFERENCES `users` (`email`),
  CONSTRAINT `testattempts_ibfk_4` FOREIGN KEY (`test_id`) REFERENCES `tests` (`id`),
  CONSTRAINT `testattempts_ibfk_40` FOREIGN KEY (`test_id`) REFERENCES `tests` (`id`),
  CONSTRAINT `testattempts_ibfk_41` FOREIGN KEY (`user_id`) REFERENCES `users` (`email`),
  CONSTRAINT `testattempts_ibfk_42` FOREIGN KEY (`test_id`) REFERENCES `tests` (`id`),
  CONSTRAINT `testattempts_ibfk_43` FOREIGN KEY (`user_id`) REFERENCES `users` (`email`),
  CONSTRAINT `testattempts_ibfk_44` FOREIGN KEY (`test_id`) REFERENCES `tests` (`id`),
  CONSTRAINT `testattempts_ibfk_45` FOREIGN KEY (`user_id`) REFERENCES `users` (`email`),
  CONSTRAINT `testattempts_ibfk_46` FOREIGN KEY (`test_id`) REFERENCES `tests` (`id`),
  CONSTRAINT `testattempts_ibfk_47` FOREIGN KEY (`user_id`) REFERENCES `users` (`email`),
  CONSTRAINT `testattempts_ibfk_48` FOREIGN KEY (`test_id`) REFERENCES `tests` (`id`),
  CONSTRAINT `testattempts_ibfk_49` FOREIGN KEY (`user_id`) REFERENCES `users` (`email`),
  CONSTRAINT `testattempts_ibfk_5` FOREIGN KEY (`user_id`) REFERENCES `users` (`email`),
  CONSTRAINT `testattempts_ibfk_50` FOREIGN KEY (`test_id`) REFERENCES `tests` (`id`),
  CONSTRAINT `testattempts_ibfk_51` FOREIGN KEY (`user_id`) REFERENCES `users` (`email`),
  CONSTRAINT `testattempts_ibfk_52` FOREIGN KEY (`test_id`) REFERENCES `tests` (`id`),
  CONSTRAINT `testattempts_ibfk_53` FOREIGN KEY (`user_id`) REFERENCES `users` (`email`),
  CONSTRAINT `testattempts_ibfk_54` FOREIGN KEY (`test_id`) REFERENCES `tests` (`id`),
  CONSTRAINT `testattempts_ibfk_55` FOREIGN KEY (`user_id`) REFERENCES `users` (`email`),
  CONSTRAINT `testattempts_ibfk_56` FOREIGN KEY (`test_id`) REFERENCES `tests` (`id`),
  CONSTRAINT `testattempts_ibfk_57` FOREIGN KEY (`user_id`) REFERENCES `users` (`email`),
  CONSTRAINT `testattempts_ibfk_58` FOREIGN KEY (`test_id`) REFERENCES `tests` (`id`),
  CONSTRAINT `testattempts_ibfk_59` FOREIGN KEY (`user_id`) REFERENCES `users` (`email`),
  CONSTRAINT `testattempts_ibfk_6` FOREIGN KEY (`test_id`) REFERENCES `tests` (`id`),
  CONSTRAINT `testattempts_ibfk_60` FOREIGN KEY (`test_id`) REFERENCES `tests` (`id`),
  CONSTRAINT `testattempts_ibfk_61` FOREIGN KEY (`user_id`) REFERENCES `users` (`email`),
  CONSTRAINT `testattempts_ibfk_62` FOREIGN KEY (`test_id`) REFERENCES `tests` (`id`),
  CONSTRAINT `testattempts_ibfk_63` FOREIGN KEY (`user_id`) REFERENCES `users` (`email`),
  CONSTRAINT `testattempts_ibfk_64` FOREIGN KEY (`test_id`) REFERENCES `tests` (`id`),
  CONSTRAINT `testattempts_ibfk_65` FOREIGN KEY (`user_id`) REFERENCES `users` (`email`),
  CONSTRAINT `testattempts_ibfk_66` FOREIGN KEY (`test_id`) REFERENCES `tests` (`id`),
  CONSTRAINT `testattempts_ibfk_67` FOREIGN KEY (`user_id`) REFERENCES `users` (`email`),
  CONSTRAINT `testattempts_ibfk_68` FOREIGN KEY (`test_id`) REFERENCES `tests` (`id`),
  CONSTRAINT `testattempts_ibfk_69` FOREIGN KEY (`user_id`) REFERENCES `users` (`email`),
  CONSTRAINT `testattempts_ibfk_7` FOREIGN KEY (`user_id`) REFERENCES `users` (`email`),
  CONSTRAINT `testattempts_ibfk_70` FOREIGN KEY (`test_id`) REFERENCES `tests` (`id`),
  CONSTRAINT `testattempts_ibfk_71` FOREIGN KEY (`user_id`) REFERENCES `users` (`email`),
  CONSTRAINT `testattempts_ibfk_72` FOREIGN KEY (`test_id`) REFERENCES `tests` (`id`),
  CONSTRAINT `testattempts_ibfk_73` FOREIGN KEY (`user_id`) REFERENCES `users` (`email`),
  CONSTRAINT `testattempts_ibfk_74` FOREIGN KEY (`test_id`) REFERENCES `tests` (`id`),
  CONSTRAINT `testattempts_ibfk_75` FOREIGN KEY (`user_id`) REFERENCES `users` (`email`),
  CONSTRAINT `testattempts_ibfk_76` FOREIGN KEY (`test_id`) REFERENCES `tests` (`id`),
  CONSTRAINT `testattempts_ibfk_77` FOREIGN KEY (`user_id`) REFERENCES `users` (`email`),
  CONSTRAINT `testattempts_ibfk_78` FOREIGN KEY (`test_id`) REFERENCES `tests` (`id`),
  CONSTRAINT `testattempts_ibfk_79` FOREIGN KEY (`user_id`) REFERENCES `users` (`email`),
  CONSTRAINT `testattempts_ibfk_8` FOREIGN KEY (`test_id`) REFERENCES `tests` (`id`),
  CONSTRAINT `testattempts_ibfk_80` FOREIGN KEY (`test_id`) REFERENCES `tests` (`id`),
  CONSTRAINT `testattempts_ibfk_81` FOREIGN KEY (`user_id`) REFERENCES `users` (`email`),
  CONSTRAINT `testattempts_ibfk_82` FOREIGN KEY (`test_id`) REFERENCES `tests` (`id`),
  CONSTRAINT `testattempts_ibfk_83` FOREIGN KEY (`user_id`) REFERENCES `users` (`email`),
  CONSTRAINT `testattempts_ibfk_84` FOREIGN KEY (`test_id`) REFERENCES `tests` (`id`),
  CONSTRAINT `testattempts_ibfk_85` FOREIGN KEY (`user_id`) REFERENCES `users` (`email`),
  CONSTRAINT `testattempts_ibfk_86` FOREIGN KEY (`test_id`) REFERENCES `tests` (`id`),
  CONSTRAINT `testattempts_ibfk_87` FOREIGN KEY (`user_id`) REFERENCES `users` (`email`),
  CONSTRAINT `testattempts_ibfk_88` FOREIGN KEY (`test_id`) REFERENCES `tests` (`id`),
  CONSTRAINT `testattempts_ibfk_89` FOREIGN KEY (`user_id`) REFERENCES `users` (`email`),
  CONSTRAINT `testattempts_ibfk_9` FOREIGN KEY (`user_id`) REFERENCES `users` (`email`),
  CONSTRAINT `testattempts_ibfk_90` FOREIGN KEY (`test_id`) REFERENCES `tests` (`id`),
  CONSTRAINT `testattempts_ibfk_91` FOREIGN KEY (`user_id`) REFERENCES `users` (`email`),
  CONSTRAINT `testattempts_ibfk_92` FOREIGN KEY (`test_id`) REFERENCES `tests` (`id`),
  CONSTRAINT `testattempts_ibfk_93` FOREIGN KEY (`user_id`) REFERENCES `users` (`email`),
  CONSTRAINT `testattempts_ibfk_94` FOREIGN KEY (`test_id`) REFERENCES `tests` (`id`),
  CONSTRAINT `testattempts_ibfk_95` FOREIGN KEY (`user_id`) REFERENCES `users` (`email`),
  CONSTRAINT `testattempts_ibfk_96` FOREIGN KEY (`test_id`) REFERENCES `tests` (`id`),
  CONSTRAINT `testattempts_ibfk_97` FOREIGN KEY (`user_id`) REFERENCES `users` (`email`),
  CONSTRAINT `testattempts_ibfk_98` FOREIGN KEY (`test_id`) REFERENCES `tests` (`id`),
  CONSTRAINT `testattempts_ibfk_99` FOREIGN KEY (`user_id`) REFERENCES `users` (`email`)
) ENGINE=InnoDB AUTO_INCREMENT=23 DEFAULT CHARSET=utf8mb4 COLLATE=utf8mb4_0900_ai_ci;
/*!40101 SET character_set_client = @saved_cs_client */;

--
-- Dumping data for table `testattempts`
--

LOCK TABLES `testattempts` WRITE;
/*!40000 ALTER TABLE `testattempts` DISABLE KEYS */;
INSERT INTO `testattempts` VALUES (1,'student@gmail.com',3,'2024-07-09 14:04:33',NULL,NULL),(2,'student@gmail.com',3,'2024-07-09 14:23:17',NULL,NULL),(3,'student@gmail.com',3,'2024-07-09 14:23:24',NULL,NULL),(4,'student@gmail.com',3,'2024-07-09 14:25:34',NULL,NULL),(5,'student@gmail.com',3,'2024-07-09 14:29:37',NULL,NULL),(6,'student@gmail.com',3,'2024-07-09 14:30:47',NULL,NULL),(7,'student@gmail.com',3,'2024-07-09 14:31:48',NULL,NULL),(8,'student@gmail.com',3,'2024-07-09 14:43:06',NULL,NULL),(9,'student@gmail.com',3,'2024-07-09 14:53:14',NULL,NULL),(10,'student@gmail.com',3,'2024-07-09 14:55:32',NULL,NULL),(11,'student@gmail.com',3,'2024-07-09 14:56:38',NULL,NULL),(12,'student@gmail.com',3,'2024-07-09 15:12:25',NULL,NULL),(13,'student@gmail.com',3,'2024-07-09 15:23:22',NULL,NULL),(14,'student@gmail.com',3,'2024-07-09 15:40:26',NULL,NULL),(15,'student@gmail.com',3,'2024-07-11 08:49:40','2024-07-12 06:40:14',1311),(16,'student@gmail.com',3,'2024-09-28 08:06:14','2024-09-28 11:46:52',221),(17,'student@gmail.com',3,'2024-09-28 11:46:53',NULL,NULL),(18,'student@gmail.com',3,'2024-09-29 04:38:33','2024-09-29 04:39:02',1),(19,'student@gmail.com',3,'2024-09-29 05:22:12','2024-09-29 06:40:07',78),(20,'student@gmail.com',3,'2024-09-29 06:40:09','2024-09-29 07:14:42',35),(21,'student@gmail.com',3,'2024-09-29 07:14:45','2024-09-29 07:17:17',3),(22,'student@gmail.com',3,'2024-09-29 07:17:17',NULL,NULL);
/*!40000 ALTER TABLE `testattempts` ENABLE KEYS */;
UNLOCK TABLES;

--
-- Table structure for table `tests`
--

DROP TABLE IF EXISTS `tests`;
/*!40101 SET @saved_cs_client     = @@character_set_client */;
/*!50503 SET character_set_client = utf8mb4 */;
CREATE TABLE `tests` (
  `id` int NOT NULL AUTO_INCREMENT,
  `title` varchar(255) NOT NULL,
  `description` text,
  `type` enum('GATE_PYQ','MOCK_TEST','CUSTOM_TEST','CHAPTER_WISE','SUBJECT_WISE') NOT NULL,
  `created_by` varchar(255) DEFAULT NULL,
  `created_at` datetime DEFAULT NULL,
  `chapter` varchar(255) DEFAULT NULL,
  `subject` varchar(255) DEFAULT NULL,
  `duration` int DEFAULT NULL,
  PRIMARY KEY (`id`),
  UNIQUE KEY `title` (`title`),
  UNIQUE KEY `title_53` (`title`),
  UNIQUE KEY `title_60` (`title`),
  UNIQUE KEY `title_61` (`title`),
  UNIQUE KEY `title_62` (`title`),
  UNIQUE KEY `title_2` (`title`),
  UNIQUE KEY `title_3` (`title`),
  UNIQUE KEY `title_4` (`title`),
  UNIQUE KEY `title_5` (`title`),
  UNIQUE KEY `title_6` (`title`),
  UNIQUE KEY `title_7` (`title`),
  UNIQUE KEY `title_8` (`title`),
  UNIQUE KEY `title_9` (`title`),
  UNIQUE KEY `title_10` (`title`),
  UNIQUE KEY `title_11` (`title`),
  UNIQUE KEY `title_12` (`title`),
  UNIQUE KEY `title_13` (`title`),
  UNIQUE KEY `title_14` (`title`),
  UNIQUE KEY `title_15` (`title`),
  UNIQUE KEY `title_16` (`title`),
  UNIQUE KEY `title_17` (`title`),
  UNIQUE KEY `title_18` (`title`),
  UNIQUE KEY `title_19` (`title`),
  UNIQUE KEY `title_20` (`title`),
  UNIQUE KEY `title_21` (`title`),
  UNIQUE KEY `title_22` (`title`),
  UNIQUE KEY `title_23` (`title`),
  UNIQUE KEY `title_24` (`title`),
  UNIQUE KEY `title_25` (`title`),
  UNIQUE KEY `title_26` (`title`),
  UNIQUE KEY `title_27` (`title`),
  UNIQUE KEY `title_28` (`title`),
  UNIQUE KEY `title_29` (`title`),
  UNIQUE KEY `title_30` (`title`),
  UNIQUE KEY `title_31` (`title`),
  UNIQUE KEY `title_32` (`title`),
  UNIQUE KEY `title_33` (`title`),
  UNIQUE KEY `title_34` (`title`),
  UNIQUE KEY `title_35` (`title`),
  UNIQUE KEY `title_36` (`title`),
  UNIQUE KEY `title_37` (`title`),
  UNIQUE KEY `title_38` (`title`),
  UNIQUE KEY `title_39` (`title`),
  UNIQUE KEY `title_40` (`title`),
  UNIQUE KEY `title_41` (`title`),
  UNIQUE KEY `title_42` (`title`),
  UNIQUE KEY `title_43` (`title`),
  UNIQUE KEY `title_44` (`title`),
  KEY `created_by` (`created_by`),
  CONSTRAINT `tests_ibfk_1` FOREIGN KEY (`created_by`) REFERENCES `users` (`email`),
  CONSTRAINT `tests_ibfk_10` FOREIGN KEY (`created_by`) REFERENCES `users` (`email`),
  CONSTRAINT `tests_ibfk_100` FOREIGN KEY (`created_by`) REFERENCES `users` (`email`) ON DELETE CASCADE ON UPDATE CASCADE,
  CONSTRAINT `tests_ibfk_11` FOREIGN KEY (`created_by`) REFERENCES `users` (`email`),
  CONSTRAINT `tests_ibfk_12` FOREIGN KEY (`created_by`) REFERENCES `users` (`email`),
  CONSTRAINT `tests_ibfk_13` FOREIGN KEY (`created_by`) REFERENCES `users` (`email`),
  CONSTRAINT `tests_ibfk_14` FOREIGN KEY (`created_by`) REFERENCES `users` (`email`),
  CONSTRAINT `tests_ibfk_15` FOREIGN KEY (`created_by`) REFERENCES `users` (`email`),
  CONSTRAINT `tests_ibfk_16` FOREIGN KEY (`created_by`) REFERENCES `users` (`email`),
  CONSTRAINT `tests_ibfk_17` FOREIGN KEY (`created_by`) REFERENCES `users` (`email`),
  CONSTRAINT `tests_ibfk_18` FOREIGN KEY (`created_by`) REFERENCES `users` (`email`),
  CONSTRAINT `tests_ibfk_19` FOREIGN KEY (`created_by`) REFERENCES `users` (`email`),
  CONSTRAINT `tests_ibfk_2` FOREIGN KEY (`created_by`) REFERENCES `users` (`email`),
  CONSTRAINT `tests_ibfk_20` FOREIGN KEY (`created_by`) REFERENCES `users` (`email`),
  CONSTRAINT `tests_ibfk_21` FOREIGN KEY (`created_by`) REFERENCES `users` (`email`),
  CONSTRAINT `tests_ibfk_22` FOREIGN KEY (`created_by`) REFERENCES `users` (`email`),
  CONSTRAINT `tests_ibfk_23` FOREIGN KEY (`created_by`) REFERENCES `users` (`email`),
  CONSTRAINT `tests_ibfk_24` FOREIGN KEY (`created_by`) REFERENCES `users` (`email`),
  CONSTRAINT `tests_ibfk_25` FOREIGN KEY (`created_by`) REFERENCES `users` (`email`),
  CONSTRAINT `tests_ibfk_26` FOREIGN KEY (`created_by`) REFERENCES `users` (`email`),
  CONSTRAINT `tests_ibfk_27` FOREIGN KEY (`created_by`) REFERENCES `users` (`email`),
  CONSTRAINT `tests_ibfk_28` FOREIGN KEY (`created_by`) REFERENCES `users` (`email`),
  CONSTRAINT `tests_ibfk_29` FOREIGN KEY (`created_by`) REFERENCES `users` (`email`),
  CONSTRAINT `tests_ibfk_3` FOREIGN KEY (`created_by`) REFERENCES `users` (`email`),
  CONSTRAINT `tests_ibfk_30` FOREIGN KEY (`created_by`) REFERENCES `users` (`email`),
  CONSTRAINT `tests_ibfk_31` FOREIGN KEY (`created_by`) REFERENCES `users` (`email`),
  CONSTRAINT `tests_ibfk_32` FOREIGN KEY (`created_by`) REFERENCES `users` (`email`),
  CONSTRAINT `tests_ibfk_33` FOREIGN KEY (`created_by`) REFERENCES `users` (`email`),
  CONSTRAINT `tests_ibfk_34` FOREIGN KEY (`created_by`) REFERENCES `users` (`email`),
  CONSTRAINT `tests_ibfk_35` FOREIGN KEY (`created_by`) REFERENCES `users` (`email`),
  CONSTRAINT `tests_ibfk_36` FOREIGN KEY (`created_by`) REFERENCES `users` (`email`),
  CONSTRAINT `tests_ibfk_37` FOREIGN KEY (`created_by`) REFERENCES `users` (`email`),
  CONSTRAINT `tests_ibfk_38` FOREIGN KEY (`created_by`) REFERENCES `users` (`email`),
  CONSTRAINT `tests_ibfk_39` FOREIGN KEY (`created_by`) REFERENCES `users` (`email`),
  CONSTRAINT `tests_ibfk_4` FOREIGN KEY (`created_by`) REFERENCES `users` (`email`),
  CONSTRAINT `tests_ibfk_40` FOREIGN KEY (`created_by`) REFERENCES `users` (`email`),
  CONSTRAINT `tests_ibfk_41` FOREIGN KEY (`created_by`) REFERENCES `users` (`email`),
  CONSTRAINT `tests_ibfk_42` FOREIGN KEY (`created_by`) REFERENCES `users` (`email`),
  CONSTRAINT `tests_ibfk_43` FOREIGN KEY (`created_by`) REFERENCES `users` (`email`),
  CONSTRAINT `tests_ibfk_44` FOREIGN KEY (`created_by`) REFERENCES `users` (`email`),
  CONSTRAINT `tests_ibfk_45` FOREIGN KEY (`created_by`) REFERENCES `users` (`email`),
  CONSTRAINT `tests_ibfk_46` FOREIGN KEY (`created_by`) REFERENCES `users` (`email`),
  CONSTRAINT `tests_ibfk_47` FOREIGN KEY (`created_by`) REFERENCES `users` (`email`),
  CONSTRAINT `tests_ibfk_48` FOREIGN KEY (`created_by`) REFERENCES `users` (`email`),
  CONSTRAINT `tests_ibfk_49` FOREIGN KEY (`created_by`) REFERENCES `users` (`email`),
  CONSTRAINT `tests_ibfk_5` FOREIGN KEY (`created_by`) REFERENCES `users` (`email`),
  CONSTRAINT `tests_ibfk_50` FOREIGN KEY (`created_by`) REFERENCES `users` (`email`),
  CONSTRAINT `tests_ibfk_51` FOREIGN KEY (`created_by`) REFERENCES `users` (`email`),
  CONSTRAINT `tests_ibfk_52` FOREIGN KEY (`created_by`) REFERENCES `users` (`email`),
  CONSTRAINT `tests_ibfk_53` FOREIGN KEY (`created_by`) REFERENCES `users` (`email`),
  CONSTRAINT `tests_ibfk_54` FOREIGN KEY (`created_by`) REFERENCES `users` (`email`),
  CONSTRAINT `tests_ibfk_55` FOREIGN KEY (`created_by`) REFERENCES `users` (`email`),
  CONSTRAINT `tests_ibfk_56` FOREIGN KEY (`created_by`) REFERENCES `users` (`email`),
  CONSTRAINT `tests_ibfk_57` FOREIGN KEY (`created_by`) REFERENCES `users` (`email`),
  CONSTRAINT `tests_ibfk_58` FOREIGN KEY (`created_by`) REFERENCES `users` (`email`),
  CONSTRAINT `tests_ibfk_59` FOREIGN KEY (`created_by`) REFERENCES `users` (`email`),
  CONSTRAINT `tests_ibfk_6` FOREIGN KEY (`created_by`) REFERENCES `users` (`email`),
  CONSTRAINT `tests_ibfk_60` FOREIGN KEY (`created_by`) REFERENCES `users` (`email`),
  CONSTRAINT `tests_ibfk_61` FOREIGN KEY (`created_by`) REFERENCES `users` (`email`),
  CONSTRAINT `tests_ibfk_62` FOREIGN KEY (`created_by`) REFERENCES `users` (`email`),
  CONSTRAINT `tests_ibfk_63` FOREIGN KEY (`created_by`) REFERENCES `users` (`email`),
  CONSTRAINT `tests_ibfk_64` FOREIGN KEY (`created_by`) REFERENCES `users` (`email`),
  CONSTRAINT `tests_ibfk_65` FOREIGN KEY (`created_by`) REFERENCES `users` (`email`),
  CONSTRAINT `tests_ibfk_66` FOREIGN KEY (`created_by`) REFERENCES `users` (`email`),
  CONSTRAINT `tests_ibfk_67` FOREIGN KEY (`created_by`) REFERENCES `users` (`email`),
  CONSTRAINT `tests_ibfk_68` FOREIGN KEY (`created_by`) REFERENCES `users` (`email`),
  CONSTRAINT `tests_ibfk_69` FOREIGN KEY (`created_by`) REFERENCES `users` (`email`),
  CONSTRAINT `tests_ibfk_7` FOREIGN KEY (`created_by`) REFERENCES `users` (`email`),
  CONSTRAINT `tests_ibfk_70` FOREIGN KEY (`created_by`) REFERENCES `users` (`email`),
  CONSTRAINT `tests_ibfk_71` FOREIGN KEY (`created_by`) REFERENCES `users` (`email`),
  CONSTRAINT `tests_ibfk_72` FOREIGN KEY (`created_by`) REFERENCES `users` (`email`),
  CONSTRAINT `tests_ibfk_73` FOREIGN KEY (`created_by`) REFERENCES `users` (`email`),
  CONSTRAINT `tests_ibfk_74` FOREIGN KEY (`created_by`) REFERENCES `users` (`email`),
  CONSTRAINT `tests_ibfk_75` FOREIGN KEY (`created_by`) REFERENCES `users` (`email`),
  CONSTRAINT `tests_ibfk_76` FOREIGN KEY (`created_by`) REFERENCES `users` (`email`),
  CONSTRAINT `tests_ibfk_77` FOREIGN KEY (`created_by`) REFERENCES `users` (`email`),
  CONSTRAINT `tests_ibfk_78` FOREIGN KEY (`created_by`) REFERENCES `users` (`email`),
  CONSTRAINT `tests_ibfk_79` FOREIGN KEY (`created_by`) REFERENCES `users` (`email`),
  CONSTRAINT `tests_ibfk_8` FOREIGN KEY (`created_by`) REFERENCES `users` (`email`),
  CONSTRAINT `tests_ibfk_80` FOREIGN KEY (`created_by`) REFERENCES `users` (`email`),
  CONSTRAINT `tests_ibfk_81` FOREIGN KEY (`created_by`) REFERENCES `users` (`email`),
  CONSTRAINT `tests_ibfk_82` FOREIGN KEY (`created_by`) REFERENCES `users` (`email`) ON DELETE CASCADE ON UPDATE CASCADE,
  CONSTRAINT `tests_ibfk_83` FOREIGN KEY (`created_by`) REFERENCES `users` (`email`) ON DELETE CASCADE ON UPDATE CASCADE,
  CONSTRAINT `tests_ibfk_84` FOREIGN KEY (`created_by`) REFERENCES `users` (`email`) ON DELETE CASCADE ON UPDATE CASCADE,
  CONSTRAINT `tests_ibfk_85` FOREIGN KEY (`created_by`) REFERENCES `users` (`email`),
  CONSTRAINT `tests_ibfk_86` FOREIGN KEY (`created_by`) REFERENCES `users` (`email`) ON DELETE CASCADE ON UPDATE CASCADE,
  CONSTRAINT `tests_ibfk_87` FOREIGN KEY (`created_by`) REFERENCES `users` (`email`) ON DELETE CASCADE ON UPDATE CASCADE,
  CONSTRAINT `tests_ibfk_88` FOREIGN KEY (`created_by`) REFERENCES `users` (`email`) ON DELETE CASCADE ON UPDATE CASCADE,
  CONSTRAINT `tests_ibfk_89` FOREIGN KEY (`created_by`) REFERENCES `users` (`email`) ON DELETE CASCADE ON UPDATE CASCADE,
  CONSTRAINT `tests_ibfk_9` FOREIGN KEY (`created_by`) REFERENCES `users` (`email`),
  CONSTRAINT `tests_ibfk_90` FOREIGN KEY (`created_by`) REFERENCES `users` (`email`) ON DELETE CASCADE ON UPDATE CASCADE,
  CONSTRAINT `tests_ibfk_91` FOREIGN KEY (`created_by`) REFERENCES `users` (`email`) ON DELETE CASCADE ON UPDATE CASCADE,
  CONSTRAINT `tests_ibfk_92` FOREIGN KEY (`created_by`) REFERENCES `users` (`email`) ON DELETE CASCADE ON UPDATE CASCADE,
  CONSTRAINT `tests_ibfk_93` FOREIGN KEY (`created_by`) REFERENCES `users` (`email`) ON DELETE CASCADE ON UPDATE CASCADE,
  CONSTRAINT `tests_ibfk_94` FOREIGN KEY (`created_by`) REFERENCES `users` (`email`) ON DELETE CASCADE ON UPDATE CASCADE,
  CONSTRAINT `tests_ibfk_95` FOREIGN KEY (`created_by`) REFERENCES `users` (`email`) ON DELETE CASCADE ON UPDATE CASCADE,
  CONSTRAINT `tests_ibfk_96` FOREIGN KEY (`created_by`) REFERENCES `users` (`email`) ON DELETE CASCADE ON UPDATE CASCADE,
  CONSTRAINT `tests_ibfk_97` FOREIGN KEY (`created_by`) REFERENCES `users` (`email`) ON DELETE CASCADE ON UPDATE CASCADE,
  CONSTRAINT `tests_ibfk_98` FOREIGN KEY (`created_by`) REFERENCES `users` (`email`) ON DELETE CASCADE ON UPDATE CASCADE,
  CONSTRAINT `tests_ibfk_99` FOREIGN KEY (`created_by`) REFERENCES `users` (`email`) ON DELETE CASCADE ON UPDATE CASCADE
) ENGINE=InnoDB AUTO_INCREMENT=4 DEFAULT CHARSET=utf8mb4 COLLATE=utf8mb4_0900_ai_ci;
/*!40101 SET character_set_client = @saved_cs_client */;

--
-- Dumping data for table `tests`
--

LOCK TABLES `tests` WRITE;
/*!40000 ALTER TABLE `tests` DISABLE KEYS */;
INSERT INTO `tests` VALUES (3,'GATE 2022 ','A comprehensive previous year test of GATE 2022','GATE_PYQ','teacher@gmail.com','2024-06-28 13:31:07','null','null',180);
/*!40000 ALTER TABLE `tests` ENABLE KEYS */;
UNLOCK TABLES;

--
-- Table structure for table `users`
--

DROP TABLE IF EXISTS `users`;
/*!40101 SET @saved_cs_client     = @@character_set_client */;
/*!50503 SET character_set_client = utf8mb4 */;
CREATE TABLE `users` (
  `email` varchar(255) NOT NULL,
  `username` varchar(255) NOT NULL,
  `password` varchar(255) NOT NULL,
  `name` varchar(255) NOT NULL,
  `role` enum('student','teacher') NOT NULL,
  `branch` varchar(255) NOT NULL,
  `created_at` datetime DEFAULT NULL,
  PRIMARY KEY (`email`),
  UNIQUE KEY `username` (`username`),
  UNIQUE KEY `username_2` (`username`),
  UNIQUE KEY `username_3` (`username`),
  UNIQUE KEY `username_4` (`username`),
  UNIQUE KEY `username_5` (`username`),
  UNIQUE KEY `username_6` (`username`),
  UNIQUE KEY `username_7` (`username`),
  UNIQUE KEY `username_8` (`username`),
  UNIQUE KEY `username_9` (`username`),
  UNIQUE KEY `username_10` (`username`),
  UNIQUE KEY `username_11` (`username`),
  UNIQUE KEY `username_12` (`username`),
  UNIQUE KEY `username_13` (`username`),
  UNIQUE KEY `username_14` (`username`),
  UNIQUE KEY `username_15` (`username`),
  UNIQUE KEY `username_16` (`username`),
  UNIQUE KEY `username_17` (`username`),
  UNIQUE KEY `username_18` (`username`)
) ENGINE=InnoDB DEFAULT CHARSET=utf8mb4 COLLATE=utf8mb4_0900_ai_ci;
/*!40101 SET character_set_client = @saved_cs_client */;

--
-- Dumping data for table `users`
--

LOCK TABLES `users` WRITE;
/*!40000 ALTER TABLE `users` DISABLE KEYS */;
INSERT INTO `users` VALUES ('student@gmail.com','student','$2b$10$ZvaYB3v0foYuVV/UfmkY5uv4glAumqqBTOERPK8TNVGBq0duMRBqu','student','student','CSE','2024-06-27 09:24:33'),('teacher@gmail.com','teacher','$2b$10$1K6.5Vww17oMoUdfNMAQXu4fUL54AjfxyvR6Vfpgysh98j5nTkBI.','teacher','teacher','CSE','2024-06-27 09:22:28');
/*!40000 ALTER TABLE `users` ENABLE KEYS */;
UNLOCK TABLES;
/*!40103 SET TIME_ZONE=@OLD_TIME_ZONE */;

/*!40101 SET SQL_MODE=@OLD_SQL_MODE */;
/*!40014 SET FOREIGN_KEY_CHECKS=@OLD_FOREIGN_KEY_CHECKS */;
/*!40014 SET UNIQUE_CHECKS=@OLD_UNIQUE_CHECKS */;
/*!40101 SET CHARACTER_SET_CLIENT=@OLD_CHARACTER_SET_CLIENT */;
/*!40101 SET CHARACTER_SET_RESULTS=@OLD_CHARACTER_SET_RESULTS */;
/*!40101 SET COLLATION_CONNECTION=@OLD_COLLATION_CONNECTION */;
/*!40111 SET SQL_NOTES=@OLD_SQL_NOTES */;

-- Dump completed on 2024-09-29 15:33:51
